#
# There is insufficient memory for the Java Runtime Environment to continue.
# Native memory allocation (malloc) failed to allocate 1144016 bytes. Error detail: Chunk::new
# Possible reasons:
#   The system is out of physical RAM or swap space
#   This process is running with CompressedOops enabled, and the Java Heap may be blocking the growth of the native heap
# Possible solutions:
#   Reduce memory load on the system
#   Increase physical memory or swap space
#   Check if swap backing store is full
#   Decrease Java heap size (-Xmx/-Xms)
#   Decrease number of Java threads
#   Decrease Java thread stack sizes (-Xss)
#   Set larger code cache with -XX:ReservedCodeCacheSize=
#   JVM is running with Unscaled Compressed Oops mode in which the Java heap is
#     placed in the first 4GB address space. The Java Heap base address is the
#     maximum limit for the native heap growth. Please use -XX:HeapBaseMinAddress
#     to set the Java Heap base and to place the Java Heap above 4GB virtual address.
# This output file may be truncated or incomplete.
#
#  Out of Memory Error (arena.cpp:168), pid=21124, tid=15460
#
# JRE version: OpenJDK Runtime Environment (21.0.10) (build 21.0.10+-14961533-b1163.108)
# Java VM: OpenJDK 64-Bit Server VM (21.0.10+-14961533-b1163.108, mixed mode, tiered, compressed oops, compressed class ptrs, g1 gc, windows-amd64)
# No core dump will be written. Minidumps are not enabled by default on client versions of Windows
#

---------------  S U M M A R Y ------------

Command Line: --add-opens=java.base/java.lang=ALL-UNNAMED --add-opens=java.base/java.lang.invoke=ALL-UNNAMED --add-opens=java.base/java.util=ALL-UNNAMED --add-opens=java.prefs/java.util.prefs=ALL-UNNAMED --add-exports=jdk.compiler/com.sun.tools.javac.api=ALL-UNNAMED --add-exports=jdk.compiler/com.sun.tools.javac.util=ALL-UNNAMED --add-opens=java.base/java.util=ALL-UNNAMED --add-opens=java.prefs/java.util.prefs=ALL-UNNAMED --add-opens=java.base/java.nio.charset=ALL-UNNAMED --add-opens=java.base/java.net=ALL-UNNAMED --add-opens=java.base/java.util.concurrent.atomic=ALL-UNNAMED --add-opens=java.xml/javax.xml.namespace=ALL-UNNAMED -Xmx2048m -Dfile.encoding=UTF-8 -Duser.country=US -Duser.language=en -Duser.variant -javaagent:C:\Users\ADMIN\.gradle\wrapper\dists\gradle-8.13-bin\5xuhj0ry160q40clulazy9h7d\gradle-8.13\lib\agents\gradle-instrumentation-agent-8.13.jar org.gradle.launcher.daemon.bootstrap.GradleDaemon 8.13

Host: AMD Ryzen 5 5500                               , 12 cores, 15G,  Windows 11 , 64 bit Build 22621 (10.0.22621.3958)
Time: Mon May  4 14:16:46 2026 SE Asia Standard Time elapsed time: 16.725200 seconds (0d 0h 0m 16s)

---------------  T H R E A D  ---------------

Current thread (0x0000000026a593c0):  JavaThread "C2 CompilerThread2" daemon [_thread_in_native, id=15460, stack(0x0000000032a00000,0x0000000032b00000) (1024K)]


Current CompileTask:
C2:16725 14460       4       org.gradle.internal.snapshot.impl.DirectorySnapshotter$PathVisitor::visitResolvedFile (44 bytes)

Stack: [0x0000000032a00000,0x0000000032b00000]
Native frames: (J=compiled Java code, j=interpreted, Vv=VM code, C=native code)
V  [jvm.dll+0x6d78a9]
V  [jvm.dll+0x8665b3]
V  [jvm.dll+0x868bde]
V  [jvm.dll+0x8692c3]
V  [jvm.dll+0x280ee6]
V  [jvm.dll+0xc07cd]
V  [jvm.dll+0xc0d03]
V  [jvm.dll+0x3ba0cb]
V  [jvm.dll+0x1e0052]
V  [jvm.dll+0x249d24]
V  [jvm.dll+0x2491a1]
V  [jvm.dll+0x1c76e4]
V  [jvm.dll+0x25891e]
V  [jvm.dll+0x256e66]
V  [jvm.dll+0x3f513e]
V  [jvm.dll+0x80fd28]
V  [jvm.dll+0x6d60fd]
C  [ucrtbase.dll+0x29333]
C  [KERNEL32.DLL+0x1257d]
C  [ntdll.dll+0x5af28]


---------------  P R O C E S S  ---------------

Threads class SMR info:
_java_thread_list=0x000000002bcbfaa0, length=144, elements={
0x0000000003bdb570, 0x000000001bd1ccf0, 0x000000001bd33bb0, 0x000000001bd2aac0,
0x000000001bd1dd60, 0x000000001bd1e7c0, 0x000000001bd1f220, 0x000000001bd1fc80,
0x000000001bd3cec0, 0x000000001bd43180, 0x0000000021076b90, 0x00000000226d91d0,
0x00000000238da400, 0x00000000221fe410, 0x0000000022603360, 0x00000000238c49a0,
0x000000002130f850, 0x0000000021310890, 0x00000000239fbc70, 0x00000000239fa8c0,
0x00000000239fa230, 0x00000000239fc300, 0x00000000239faf50, 0x00000000239fc990,
0x00000000239fb5e0, 0x00000000239f9ba0, 0x0000000027774ed0, 0x0000000027770d30,
0x00000000277720e0, 0x0000000027772e00, 0x00000000277741b0, 0x000000002776f980,
0x000000002776f2f0, 0x0000000027775560, 0x0000000027770010, 0x00000000277713c0,
0x0000000027773490, 0x0000000027775bf0, 0x0000000027773b20, 0x000000002776ec60,
0x0000000027771a50, 0x0000000027776280, 0x00000000277706a0, 0x0000000027bfc740,
0x0000000027bfe180, 0x0000000027bfb390, 0x0000000027bf92c0, 0x0000000027bfba20,
0x0000000027bf7f10, 0x0000000027bfeea0, 0x0000000027bfa670, 0x0000000027bfcdd0,
0x0000000027bff530, 0x0000000027bfc0b0, 0x0000000027bfe810, 0x0000000027bfad00,
0x0000000027bf8c30, 0x0000000027bf9950, 0x0000000027bfd460, 0x0000000027bf9fe0,
0x0000000027bfdaf0, 0x0000000027d285a0, 0x0000000027d27880, 0x0000000027d264d0,
0x0000000027d24a90, 0x0000000027d24400, 0x0000000027d28c30, 0x0000000027d2b390,
0x0000000027d27f10, 0x0000000027d2ba20, 0x0000000027d2a670, 0x0000000027d2ad00,
0x0000000027d25120, 0x0000000027d257b0, 0x0000000027d26b60, 0x0000000027d271f0,
0x0000000022ef7c30, 0x0000000022ef3a90, 0x0000000022ef82c0, 0x0000000022ef5b60,
0x0000000022ef4e40, 0x0000000022ef4120, 0x0000000022ef2d70, 0x0000000022ef2050,
0x0000000022ef19c0, 0x0000000022ef26e0, 0x0000000022ef3400, 0x0000000022ef47b0,
0x0000000022ef6880, 0x0000000022ef75a0, 0x0000000022ef8fe0, 0x0000000022ef54d0,
0x0000000022ef6f10, 0x0000000022ef61f0, 0x00000000272792a0, 0x0000000027279930,
0x000000002727ace0, 0x000000002727c090, 0x000000002727cdb0, 0x0000000027279fc0,
0x000000002727e160, 0x0000000027277860, 0x000000002727b370, 0x00000000272771d0,
0x000000002727a650, 0x0000000026e48210, 0x0000000026e4a2e0, 0x0000000026a58620,
0x0000000026a593c0, 0x000000002727c720, 0x000000002727d440, 0x0000000027278c10,
0x000000002727e7f0, 0x000000002bf56b50, 0x000000002bf508e0, 0x000000002bf51c90,
0x000000002bf52320, 0x0000000033b61470, 0x0000000033b62820, 0x0000000033b63540,
0x0000000033b60750, 0x0000000033b5f3a0, 0x0000000033b5ed10, 0x0000000033b5fa30,
0x0000000033b5e680, 0x0000000033b600c0, 0x0000000033b61b00, 0x0000000033b62190,
0x0000000033b648f0, 0x0000000033b5dff0, 0x0000000033b64f80, 0x0000000033b62eb0,
0x0000000033b60de0, 0x00000000348c1c30, 0x00000000348c01f0, 0x00000000348c0880,
0x00000000348c4a20, 0x00000000348c4390, 0x00000000348c22c0, 0x00000000348c15a0,
0x00000000348bf4d0, 0x00000000348c0f10, 0x00000000348bda90, 0x00000000348c2950
}

Java Threads: ( => current thread )
  0x0000000003bdb570 JavaThread "main"                              [_thread_blocked, id=19736, stack(0x00000000019b0000,0x0000000001ab0000) (1024K)]
  0x000000001bd1ccf0 JavaThread "Common-Cleaner"             daemon [_thread_blocked, id=15816, stack(0x000000001c360000,0x000000001c460000) (1024K)]
  0x000000001bd33bb0 JavaThread "Reference Handler"          daemon [_thread_blocked, id=21388, stack(0x000000001c460000,0x000000001c560000) (1024K)]
  0x000000001bd2aac0 JavaThread "Finalizer"                  daemon [_thread_blocked, id=18788, stack(0x000000001c560000,0x000000001c660000) (1024K)]
  0x000000001bd1dd60 JavaThread "Signal Dispatcher"          daemon [_thread_blocked, id=17420, stack(0x000000001c660000,0x000000001c760000) (1024K)]
  0x000000001bd1e7c0 JavaThread "Attach Listener"            daemon [_thread_blocked, id=21216, stack(0x000000001c760000,0x000000001c860000) (1024K)]
  0x000000001bd1f220 JavaThread "Service Thread"             daemon [_thread_blocked, id=12272, stack(0x000000001c860000,0x000000001c960000) (1024K)]
  0x000000001bd1fc80 JavaThread "Monitor Deflation Thread"   daemon [_thread_blocked, id=18888, stack(0x000000001c960000,0x000000001ca60000) (1024K)]
  0x000000001bd3cec0 JavaThread "C2 CompilerThread0"         daemon [_thread_in_native, id=3540, stack(0x000000001ca60000,0x000000001cb60000) (1024K)]
  0x000000001bd43180 JavaThread "C1 CompilerThread0"         daemon [_thread_blocked, id=1568, stack(0x000000001cb60000,0x000000001cc60000) (1024K)]
  0x0000000021076b90 JavaThread "Notification Thread"        daemon [_thread_blocked, id=17504, stack(0x000000001cc60000,0x000000001cd60000) (1024K)]
  0x00000000226d91d0 JavaThread "Daemon health stats"               [_thread_blocked, id=8008, stack(0x0000000023cf0000,0x0000000023df0000) (1024K)]
  0x00000000238da400 JavaThread "Incoming local TCP Connector on port 59330"        [_thread_in_native, id=18156, stack(0x0000000023df0000,0x0000000023ef0000) (1024K)]
  0x00000000221fe410 JavaThread "Daemon periodic checks"            [_thread_blocked, id=21872, stack(0x0000000023ef0000,0x0000000023ff0000) (1024K)]
  0x0000000022603360 JavaThread "Daemon"                            [_thread_blocked, id=12372, stack(0x0000000025320000,0x0000000025420000) (1024K)]
  0x00000000238c49a0 JavaThread "Handler for socket connection from /127.0.0.1:59330 to /127.0.0.1:59331"        [_thread_in_native, id=11888, stack(0x0000000025420000,0x0000000025520000) (1024K)]
  0x000000002130f850 JavaThread "Cancel handler"                    [_thread_blocked, id=14432, stack(0x0000000025520000,0x0000000025620000) (1024K)]
  0x0000000021310890 JavaThread "Daemon worker"                     [_thread_blocked, id=16380, stack(0x0000000025620000,0x0000000025720000) (1024K)]
  0x00000000239fbc70 JavaThread "Asynchronous log dispatcher for DefaultDaemonConnection: socket connection from /127.0.0.1:59330 to /127.0.0.1:59331"        [_thread_blocked, id=8768, stack(0x0000000025720000,0x0000000025820000) (1024K)]
  0x00000000239fa8c0 JavaThread "Stdin handler"                     [_thread_blocked, id=6188, stack(0x0000000025820000,0x0000000025920000) (1024K)]
  0x00000000239fa230 JavaThread "Daemon client event forwarder"        [_thread_blocked, id=21724, stack(0x0000000025920000,0x0000000025a20000) (1024K)]
  0x00000000239fc300 JavaThread "Cache worker for journal cache (C:\Users\ADMIN\.gradle\caches\journal-1)"        [_thread_blocked, id=10448, stack(0x0000000026020000,0x0000000026120000) (1024K)]
  0x00000000239faf50 JavaThread "File lock request listener"        [_thread_in_native, id=17772, stack(0x0000000026120000,0x0000000026220000) (1024K)]
  0x00000000239fc990 JavaThread "Cache worker for file hash cache (C:\Users\ADMIN\.gradle\caches\8.13\fileHashes)"        [_thread_blocked, id=22264, stack(0x0000000026220000,0x0000000026320000) (1024K)]
  0x00000000239fb5e0 JavaThread "Cache worker for file hash cache (C:\Users\ADMIN\Documents\hieutm\AdSDK Project\sample-nexax-ads-sdk\.gradle\8.13\fileHashes)"        [_thread_blocked, id=6728, stack(0x0000000026320000,0x0000000026420000) (1024K)]
  0x00000000239f9ba0 JavaThread "Cache worker for Build Output Cleanup Cache (C:\Users\ADMIN\Documents\hieutm\AdSDK Project\sample-nexax-ads-sdk\.gradle\buildOutputCleanup)"        [_thread_blocked, id=19352, stack(0x0000000026420000,0x0000000026520000) (1024K)]
  0x0000000027774ed0 JavaThread "File watcher server"        daemon [_thread_in_native, id=10920, stack(0x00000000288d0000,0x00000000289d0000) (1024K)]
  0x0000000027770d30 JavaThread "File watcher consumer"      daemon [_thread_blocked, id=22004, stack(0x00000000289d0000,0x0000000028ad0000) (1024K)]
  0x00000000277720e0 JavaThread "jar transforms"                    [_thread_blocked, id=17168, stack(0x0000000028ad0000,0x0000000028bd0000) (1024K)]
  0x0000000027772e00 JavaThread "jar transforms Thread 2"           [_thread_blocked, id=13032, stack(0x0000000028730000,0x0000000028830000) (1024K)]
  0x00000000277741b0 JavaThread "Cache worker for checksums cache (C:\Users\ADMIN\Documents\hieutm\AdSDK Project\sample-nexax-ads-sdk\.gradle\8.13\checksums)"        [_thread_blocked, id=15388, stack(0x00000000285b0000,0x00000000286b0000) (1024K)]
  0x000000002776f980 JavaThread "Cache worker for file content cache (C:\Users\ADMIN\.gradle\caches\8.13\fileContent)"        [_thread_blocked, id=15484, stack(0x0000000028cd0000,0x0000000028dd0000) (1024K)]
  0x000000002776f2f0 JavaThread "jar transforms Thread 3"           [_thread_blocked, id=15468, stack(0x0000000029040000,0x0000000029140000) (1024K)]
  0x0000000027775560 JavaThread "Cache worker for cache directory md-supplier (C:\Users\ADMIN\.gradle\caches\8.13\md-supplier)"        [_thread_blocked, id=15344, stack(0x0000000028dd0000,0x0000000028ed0000) (1024K)]
  0x0000000027770010 JavaThread "Cache worker for cache directory md-rule (C:\Users\ADMIN\.gradle\caches\8.13\md-rule)"        [_thread_blocked, id=17176, stack(0x0000000028ed0000,0x0000000028fd0000) (1024K)]
  0x00000000277713c0 JavaThread "Unconstrained build operations"        [_thread_blocked, id=7100, stack(0x0000000029140000,0x0000000029240000) (1024K)]
  0x0000000027773490 JavaThread "Unconstrained build operations Thread 2"        [_thread_blocked, id=19968, stack(0x0000000029240000,0x0000000029340000) (1024K)]
  0x0000000027775bf0 JavaThread "Unconstrained build operations Thread 3"        [_thread_blocked, id=4256, stack(0x0000000029340000,0x0000000029440000) (1024K)]
  0x0000000027773b20 JavaThread "Unconstrained build operations Thread 4"        [_thread_blocked, id=22132, stack(0x0000000029440000,0x0000000029540000) (1024K)]
  0x000000002776ec60 JavaThread "Unconstrained build operations Thread 5"        [_thread_blocked, id=18168, stack(0x0000000029540000,0x0000000029640000) (1024K)]
  0x0000000027771a50 JavaThread "Unconstrained build operations Thread 6"        [_thread_blocked, id=20700, stack(0x0000000029640000,0x0000000029740000) (1024K)]
  0x0000000027776280 JavaThread "Unconstrained build operations Thread 7"        [_thread_blocked, id=20080, stack(0x0000000029740000,0x0000000029840000) (1024K)]
  0x00000000277706a0 JavaThread "Unconstrained build operations Thread 8"        [_thread_blocked, id=12844, stack(0x0000000029840000,0x0000000029940000) (1024K)]
  0x0000000027bfc740 JavaThread "Unconstrained build operations Thread 9"        [_thread_blocked, id=13388, stack(0x0000000029940000,0x0000000029a40000) (1024K)]
  0x0000000027bfe180 JavaThread "Unconstrained build operations Thread 10"        [_thread_blocked, id=17556, stack(0x0000000029a40000,0x0000000029b40000) (1024K)]
  0x0000000027bfb390 JavaThread "Unconstrained build operations Thread 11"        [_thread_blocked, id=17936, stack(0x0000000029b40000,0x0000000029c40000) (1024K)]
  0x0000000027bf92c0 JavaThread "Unconstrained build operations Thread 12"        [_thread_blocked, id=17344, stack(0x0000000029c40000,0x0000000029d40000) (1024K)]
  0x0000000027bfba20 JavaThread "Unconstrained build operations Thread 13"        [_thread_blocked, id=1284, stack(0x0000000029d40000,0x0000000029e40000) (1024K)]
  0x0000000027bf7f10 JavaThread "Unconstrained build operations Thread 14"        [_thread_blocked, id=15528, stack(0x0000000029e40000,0x0000000029f40000) (1024K)]
  0x0000000027bfeea0 JavaThread "Unconstrained build operations Thread 15"        [_thread_blocked, id=19980, stack(0x0000000029f40000,0x000000002a040000) (1024K)]
  0x0000000027bfa670 JavaThread "Unconstrained build operations Thread 16"        [_thread_blocked, id=1088, stack(0x000000002a040000,0x000000002a140000) (1024K)]
  0x0000000027bfcdd0 JavaThread "Unconstrained build operations Thread 17"        [_thread_blocked, id=18820, stack(0x000000002a140000,0x000000002a240000) (1024K)]
  0x0000000027bff530 JavaThread "Unconstrained build operations Thread 18"        [_thread_blocked, id=14904, stack(0x000000002a240000,0x000000002a340000) (1024K)]
  0x0000000027bfc0b0 JavaThread "Unconstrained build operations Thread 19"        [_thread_blocked, id=7824, stack(0x000000002a340000,0x000000002a440000) (1024K)]
  0x0000000027bfe810 JavaThread "Unconstrained build operations Thread 20"        [_thread_blocked, id=20672, stack(0x000000002a440000,0x000000002a540000) (1024K)]
  0x0000000027bfad00 JavaThread "jar transforms Thread 4"           [_thread_blocked, id=20824, stack(0x000000002a540000,0x000000002a640000) (1024K)]
  0x0000000027bf8c30 JavaThread "jar transforms Thread 5"           [_thread_blocked, id=3948, stack(0x000000002a640000,0x000000002a740000) (1024K)]
  0x0000000027bf9950 JavaThread "Unconstrained build operations Thread 21"        [_thread_blocked, id=20568, stack(0x000000002a740000,0x000000002a840000) (1024K)]
  0x0000000027bfd460 JavaThread "Unconstrained build operations Thread 22"        [_thread_blocked, id=22064, stack(0x000000002a840000,0x000000002a940000) (1024K)]
  0x0000000027bf9fe0 JavaThread "Unconstrained build operations Thread 23"        [_thread_blocked, id=17376, stack(0x000000002a940000,0x000000002aa40000) (1024K)]
  0x0000000027bfdaf0 JavaThread "Unconstrained build operations Thread 24"        [_thread_blocked, id=17672, stack(0x000000002aa40000,0x000000002ab40000) (1024K)]
  0x0000000027d285a0 JavaThread "Unconstrained build operations Thread 25"        [_thread_blocked, id=9784, stack(0x000000002ab40000,0x000000002ac40000) (1024K)]
  0x0000000027d27880 JavaThread "Unconstrained build operations Thread 26"        [_thread_blocked, id=13396, stack(0x000000002ac40000,0x000000002ad40000) (1024K)]
  0x0000000027d264d0 JavaThread "Unconstrained build operations Thread 27"        [_thread_blocked, id=15748, stack(0x000000002ad40000,0x000000002ae40000) (1024K)]
  0x0000000027d24a90 JavaThread "Unconstrained build operations Thread 28"        [_thread_blocked, id=18344, stack(0x000000002ae40000,0x000000002af40000) (1024K)]
  0x0000000027d24400 JavaThread "Unconstrained build operations Thread 29"        [_thread_blocked, id=12672, stack(0x000000002af40000,0x000000002b040000) (1024K)]
  0x0000000027d28c30 JavaThread "Unconstrained build operations Thread 30"        [_thread_blocked, id=7020, stack(0x000000002b040000,0x000000002b140000) (1024K)]
  0x0000000027d2b390 JavaThread "jar transforms Thread 6"           [_thread_blocked, id=8800, stack(0x000000002c110000,0x000000002c210000) (1024K)]
  0x0000000027d27f10 JavaThread "jar transforms Thread 7"           [_thread_blocked, id=21772, stack(0x000000002c210000,0x000000002c310000) (1024K)]
  0x0000000027d2ba20 JavaThread "jar transforms Thread 8"           [_thread_blocked, id=18420, stack(0x000000002c310000,0x000000002c410000) (1024K)]
  0x0000000027d2a670 JavaThread "Unconstrained build operations Thread 31"        [_thread_blocked, id=14992, stack(0x000000002c610000,0x000000002c710000) (1024K)]
  0x0000000027d2ad00 JavaThread "Unconstrained build operations Thread 32"        [_thread_blocked, id=14236, stack(0x000000002c710000,0x000000002c810000) (1024K)]
  0x0000000027d25120 JavaThread "Unconstrained build operations Thread 33"        [_thread_blocked, id=4432, stack(0x000000002c810000,0x000000002c910000) (1024K)]
  0x0000000027d257b0 JavaThread "Unconstrained build operations Thread 34"        [_thread_blocked, id=7804, stack(0x000000002c910000,0x000000002ca10000) (1024K)]
  0x0000000027d26b60 JavaThread "Unconstrained build operations Thread 35"        [_thread_blocked, id=19068, stack(0x000000002ca10000,0x000000002cb10000) (1024K)]
  0x0000000027d271f0 JavaThread "Unconstrained build operations Thread 36"        [_thread_blocked, id=3780, stack(0x000000002cb10000,0x000000002cc10000) (1024K)]
  0x0000000022ef7c30 JavaThread "Unconstrained build operations Thread 37"        [_thread_blocked, id=15508, stack(0x000000002cc10000,0x000000002cd10000) (1024K)]
  0x0000000022ef3a90 JavaThread "Unconstrained build operations Thread 38"        [_thread_blocked, id=21348, stack(0x000000002cd10000,0x000000002ce10000) (1024K)]
  0x0000000022ef82c0 JavaThread "Unconstrained build operations Thread 39"        [_thread_blocked, id=21980, stack(0x000000002ce10000,0x000000002cf10000) (1024K)]
  0x0000000022ef5b60 JavaThread "Unconstrained build operations Thread 40"        [_thread_blocked, id=15352, stack(0x0000000031000000,0x0000000031100000) (1024K)]
  0x0000000022ef4e40 JavaThread "Unconstrained build operations Thread 41"        [_thread_blocked, id=5620, stack(0x0000000031100000,0x0000000031200000) (1024K)]
  0x0000000022ef4120 JavaThread "Unconstrained build operations Thread 42"        [_thread_blocked, id=15288, stack(0x0000000031200000,0x0000000031300000) (1024K)]
  0x0000000022ef2d70 JavaThread "Unconstrained build operations Thread 43"        [_thread_blocked, id=20720, stack(0x0000000031300000,0x0000000031400000) (1024K)]
  0x0000000022ef2050 JavaThread "Unconstrained build operations Thread 44"        [_thread_blocked, id=10380, stack(0x0000000031400000,0x0000000031500000) (1024K)]
  0x0000000022ef19c0 JavaThread "Unconstrained build operations Thread 45"        [_thread_blocked, id=15420, stack(0x0000000031500000,0x0000000031600000) (1024K)]
  0x0000000022ef26e0 JavaThread "Unconstrained build operations Thread 46"        [_thread_blocked, id=3892, stack(0x0000000031600000,0x0000000031700000) (1024K)]
  0x0000000022ef3400 JavaThread "Unconstrained build operations Thread 47"        [_thread_blocked, id=12760, stack(0x0000000031700000,0x0000000031800000) (1024K)]
  0x0000000022ef47b0 JavaThread "Unconstrained build operations Thread 48"        [_thread_blocked, id=3168, stack(0x0000000031800000,0x0000000031900000) (1024K)]
  0x0000000022ef6880 JavaThread "Unconstrained build operations Thread 49"        [_thread_blocked, id=20960, stack(0x0000000031900000,0x0000000031a00000) (1024K)]
  0x0000000022ef75a0 JavaThread "Unconstrained build operations Thread 50"        [_thread_blocked, id=3584, stack(0x0000000031a00000,0x0000000031b00000) (1024K)]
  0x0000000022ef8fe0 JavaThread "Unconstrained build operations Thread 51"        [_thread_blocked, id=19880, stack(0x0000000031b00000,0x0000000031c00000) (1024K)]
  0x0000000022ef54d0 JavaThread "Unconstrained build operations Thread 52"        [_thread_blocked, id=4312, stack(0x0000000031c00000,0x0000000031d00000) (1024K)]
  0x0000000022ef6f10 JavaThread "Unconstrained build operations Thread 53"        [_thread_blocked, id=18640, stack(0x0000000031d00000,0x0000000031e00000) (1024K)]
  0x0000000022ef61f0 JavaThread "Unconstrained build operations Thread 54"        [_thread_blocked, id=14144, stack(0x0000000031e00000,0x0000000031f00000) (1024K)]
  0x00000000272792a0 JavaThread "Unconstrained build operations Thread 55"        [_thread_blocked, id=18068, stack(0x0000000031f00000,0x0000000032000000) (1024K)]
  0x0000000027279930 JavaThread "Unconstrained build operations Thread 56"        [_thread_blocked, id=21220, stack(0x0000000032000000,0x0000000032100000) (1024K)]
  0x000000002727ace0 JavaThread "Unconstrained build operations Thread 57"        [_thread_blocked, id=8452, stack(0x0000000032100000,0x0000000032200000) (1024K)]
  0x000000002727c090 JavaThread "Unconstrained build operations Thread 58"        [_thread_blocked, id=11856, stack(0x0000000032200000,0x0000000032300000) (1024K)]
  0x000000002727cdb0 JavaThread "Unconstrained build operations Thread 59"        [_thread_blocked, id=20880, stack(0x0000000032300000,0x0000000032400000) (1024K)]
  0x0000000027279fc0 JavaThread "Unconstrained build operations Thread 60"        [_thread_blocked, id=7768, stack(0x0000000032400000,0x0000000032500000) (1024K)]
  0x000000002727e160 JavaThread "Unconstrained build operations Thread 61"        [_thread_blocked, id=12752, stack(0x0000000032500000,0x0000000032600000) (1024K)]
  0x0000000027277860 JavaThread "Unconstrained build operations Thread 62"        [_thread_blocked, id=13012, stack(0x0000000032600000,0x0000000032700000) (1024K)]
  0x000000002727b370 JavaThread "Unconstrained build operations Thread 63"        [_thread_blocked, id=13124, stack(0x0000000032700000,0x0000000032800000) (1024K)]
  0x00000000272771d0 JavaThread "build event listener"              [_thread_blocked, id=17424, stack(0x000000002c410000,0x000000002c510000) (1024K)]
  0x000000002727a650 JavaThread "Memory manager"                    [_thread_blocked, id=21596, stack(0x0000000032800000,0x0000000032900000) (1024K)]
  0x0000000026e48210 JavaThread "build event listener"              [_thread_blocked, id=9720, stack(0x0000000032900000,0x0000000032a00000) (1024K)]
  0x0000000026e4a2e0 JavaThread "build event listener"              [_thread_blocked, id=20732, stack(0x0000000033b90000,0x0000000033c90000) (1024K)]
  0x0000000026a58620 JavaThread "C2 CompilerThread1"         daemon [_thread_in_native, id=21444, stack(0x000000001cd60000,0x000000001ce60000) (1024K)]
=>0x0000000026a593c0 JavaThread "C2 CompilerThread2"         daemon [_thread_in_native, id=15460, stack(0x0000000032a00000,0x0000000032b00000) (1024K)]
  0x000000002727c720 JavaThread "included builds"                   [_thread_blocked, id=20804, stack(0x0000000034c60000,0x0000000034d60000) (1024K)]
  0x000000002727d440 JavaThread "Execution worker"                  [_thread_blocked, id=19940, stack(0x0000000034ea0000,0x0000000034fa0000) (1024K)]
  0x0000000027278c10 JavaThread "Execution worker Thread 2"         [_thread_blocked, id=18036, stack(0x0000000034fa0000,0x00000000350a0000) (1024K)]
  0x000000002727e7f0 JavaThread "Execution worker Thread 3"         [_thread_in_vm, id=21436, stack(0x00000000350a0000,0x00000000351a0000) (1024K)]
  0x000000002bf56b50 JavaThread "Execution worker Thread 4"         [_thread_blocked, id=12572, stack(0x00000000351a0000,0x00000000352a0000) (1024K)]
  0x000000002bf508e0 JavaThread "Execution worker Thread 5"         [_thread_blocked, id=10180, stack(0x00000000352a0000,0x00000000353a0000) (1024K)]
  0x000000002bf51c90 JavaThread "Execution worker Thread 6"         [_thread_blocked, id=17152, stack(0x00000000353a0000,0x00000000354a0000) (1024K)]
  0x000000002bf52320 JavaThread "Execution worker Thread 7"         [_thread_blocked, id=11936, stack(0x00000000354a0000,0x00000000355a0000) (1024K)]
  0x0000000033b61470 JavaThread "Execution worker Thread 8"         [_thread_blocked, id=21044, stack(0x00000000355a0000,0x00000000356a0000) (1024K)]
  0x0000000033b62820 JavaThread "Execution worker Thread 9"         [_thread_blocked, id=9812, stack(0x00000000356a0000,0x00000000357a0000) (1024K)]
  0x0000000033b63540 JavaThread "Execution worker Thread 10"        [_thread_blocked, id=16900, stack(0x00000000357a0000,0x00000000358a0000) (1024K)]
  0x0000000033b60750 JavaThread "Execution worker Thread 11"        [_thread_blocked, id=1884, stack(0x00000000358a0000,0x00000000359a0000) (1024K)]
  0x0000000033b5f3a0 JavaThread "Cache worker for execution history cache (C:\Users\ADMIN\Documents\hieutm\AdSDK Project\sample-nexax-ads-sdk\.gradle\8.13\executionHistory)"        [_thread_blocked, id=10152, stack(0x0000000034d60000,0x0000000034e60000) (1024K)]
  0x0000000033b5ed10 JavaThread "Unconstrained build operations Thread 64"        [_thread_blocked, id=22336, stack(0x0000000036e30000,0x0000000036f30000) (1024K)]
  0x0000000033b5fa30 JavaThread "Unconstrained build operations Thread 65"        [_thread_blocked, id=22332, stack(0x0000000036f30000,0x0000000037030000) (1024K)]
  0x0000000033b5e680 JavaThread "Unconstrained build operations Thread 66"        [_thread_blocked, id=21700, stack(0x0000000037030000,0x0000000037130000) (1024K)]
  0x0000000033b600c0 JavaThread "Unconstrained build operations Thread 67"        [_thread_blocked, id=3136, stack(0x0000000037130000,0x0000000037230000) (1024K)]
  0x0000000033b61b00 JavaThread "Unconstrained build operations Thread 68"        [_thread_blocked, id=20120, stack(0x0000000037230000,0x0000000037330000) (1024K)]
  0x0000000033b62190 JavaThread "Unconstrained build operations Thread 69"        [_thread_blocked, id=7384, stack(0x0000000037330000,0x0000000037430000) (1024K)]
  0x0000000033b648f0 JavaThread "Unconstrained build operations Thread 70"        [_thread_blocked, id=14248, stack(0x0000000037430000,0x0000000037530000) (1024K)]
  0x0000000033b5dff0 JavaThread "Unconstrained build operations Thread 71"        [_thread_blocked, id=18620, stack(0x0000000037530000,0x0000000037630000) (1024K)]
  0x0000000033b64f80 JavaThread "Unconstrained build operations Thread 72"        [_thread_blocked, id=15512, stack(0x0000000037630000,0x0000000037730000) (1024K)]
  0x0000000033b62eb0 JavaThread "Unconstrained build operations Thread 73"        [_thread_blocked, id=1016, stack(0x0000000037730000,0x0000000037830000) (1024K)]
  0x0000000033b60de0 JavaThread "Unconstrained build operations Thread 74"        [_thread_blocked, id=8320, stack(0x0000000037830000,0x0000000037930000) (1024K)]
  0x00000000348c1c30 JavaThread "Unconstrained build operations Thread 75"        [_thread_blocked, id=21316, stack(0x00000000359a0000,0x0000000035aa0000) (1024K)]
  0x00000000348c01f0 JavaThread "Unconstrained build operations Thread 76"        [_thread_blocked, id=4148, stack(0x0000000035aa0000,0x0000000035ba0000) (1024K)]
  0x00000000348c0880 JavaThread "Unconstrained build operations Thread 77"        [_thread_blocked, id=10628, stack(0x0000000035ba0000,0x0000000035ca0000) (1024K)]
  0x00000000348c4a20 JavaThread "Unconstrained build operations Thread 78"        [_thread_blocked, id=9860, stack(0x0000000035ca0000,0x0000000035da0000) (1024K)]
  0x00000000348c4390 JavaThread "Unconstrained build operations Thread 79"        [_thread_blocked, id=7076, stack(0x0000000037930000,0x0000000037a30000) (1024K)]
  0x00000000348c22c0 JavaThread "Unconstrained build operations Thread 80"        [_thread_blocked, id=17632, stack(0x0000000037a30000,0x0000000037b30000) (1024K)]
  0x00000000348c15a0 JavaThread "Unconstrained build operations Thread 81"        [_thread_blocked, id=22288, stack(0x0000000037b30000,0x0000000037c30000) (1024K)]
  0x00000000348bf4d0 JavaThread "Unconstrained build operations Thread 82"        [_thread_blocked, id=7580, stack(0x0000000037c30000,0x0000000037d30000) (1024K)]
  0x00000000348c0f10 JavaThread "Unconstrained build operations Thread 83"        [_thread_blocked, id=13336, stack(0x0000000037d30000,0x0000000037e30000) (1024K)]
  0x00000000348bda90 JavaThread "Unconstrained build operations Thread 84"        [_thread_blocked, id=13400, stack(0x0000000037e30000,0x0000000037f30000) (1024K)]
  0x00000000348c2950 JavaThread "Unconstrained build operations Thread 85"        [_thread_blocked, id=7604, stack(0x0000000037f30000,0x0000000038030000) (1024K)]
Total: 144

Other Threads:
  0x000000001ba10bb0 VMThread "VM Thread"                           [id=21256, stack(0x000000001c260000,0x000000001c360000) (1024K)]
  0x000000001bcc1190 WatcherThread "VM Periodic Task Thread"        [id=21464, stack(0x000000001c160000,0x000000001c260000) (1024K)]
  0x0000000003c34640 WorkerThread "GC Thread#0"                     [id=15348, stack(0x0000000018a90000,0x0000000018b90000) (1024K)]
  0x000000001ba116c0 WorkerThread "GC Thread#1"                     [id=19812, stack(0x000000001ce60000,0x000000001cf60000) (1024K)]
  0x000000001ba11e20 WorkerThread "GC Thread#2"                     [id=20840, stack(0x0000000021800000,0x0000000021900000) (1024K)]
  0x000000001ba11310 WorkerThread "GC Thread#3"                     [id=6324, stack(0x0000000021900000,0x0000000021a00000) (1024K)]
  0x000000001ba11a70 WorkerThread "GC Thread#4"                     [id=3264, stack(0x0000000021a00000,0x0000000021b00000) (1024K)]
  0x000000001ba121d0 WorkerThread "GC Thread#5"                     [id=9536, stack(0x0000000021b00000,0x0000000021c00000) (1024K)]
  0x00000000234ad0b0 WorkerThread "GC Thread#6"                     [id=18872, stack(0x0000000025a20000,0x0000000025b20000) (1024K)]
  0x00000000234aaf80 WorkerThread "GC Thread#7"                     [id=18628, stack(0x0000000025b20000,0x0000000025c20000) (1024K)]
  0x00000000234ad460 WorkerThread "GC Thread#8"                     [id=7608, stack(0x0000000025c20000,0x0000000025d20000) (1024K)]
  0x00000000234adf70 WorkerThread "GC Thread#9"                     [id=21304, stack(0x0000000025d20000,0x0000000025e20000) (1024K)]
  0x0000000003c45640 ConcurrentGCThread "G1 Main Marker"            [id=21528, stack(0x0000000018b90000,0x0000000018c90000) (1024K)]
  0x0000000003c46790 WorkerThread "G1 Conc#0"                       [id=7084, stack(0x0000000018c90000,0x0000000018d90000) (1024K)]
  0x00000000234ae320 WorkerThread "G1 Conc#1"                       [id=20116, stack(0x0000000025e20000,0x0000000025f20000) (1024K)]
  0x00000000234ac950 WorkerThread "G1 Conc#2"                       [id=16904, stack(0x0000000025f20000,0x0000000026020000) (1024K)]
  0x000000001b911ea0 ConcurrentGCThread "G1 Refine#0"               [id=20024, stack(0x000000001ba40000,0x000000001bb40000) (1024K)]
  0x000000001b9127d0 ConcurrentGCThread "G1 Service"                [id=14892, stack(0x000000001bb40000,0x000000001bc40000) (1024K)]
Total: 18

Threads with active compile tasks:
C2 CompilerThread0  16779 14572       4       org.gradle.internal.snapshot.impl.DirectorySnapshotterStatistics$CollectingFileVisitor::visitFile (10 bytes)
C1 CompilerThread0  16779 14578       3       org.gradle.internal.classloader.ClassLoaderVisitor::visitParent (6 bytes)
C2 CompilerThread1  16779 14573   !   4       org.gradle.internal.snapshot.impl.DirectorySnapshotter$PathVisitor::doVisitFile (194 bytes)
C2 CompilerThread2  16779 14460       4       org.gradle.internal.snapshot.impl.DirectorySnapshotter$PathVisitor::visitResolvedFile (44 bytes)
Total: 4

VM state: not at safepoint (normal execution)

VM Mutex/Monitor currently owned by a thread: None

Heap address: 0x0000000080000000, size: 2048 MB, Compressed Oops mode: 32-bit

CDS archive(s) not mapped
Compressed class space mapped at: 0x0000000100000000-0x0000000140000000, reserved size: 1073741824
Narrow klass base: 0x0000000000000000, Narrow klass shift: 3, Narrow klass range: 0x140000000

GC Precious Log:
 CardTable entry size: 512
 Card Set container configuration: InlinePtr #cards 5 size 8 Array Of Cards #cards 12 size 40 Howl #buckets 4 coarsen threshold 1843 Howl Bitmap #cards 512 size 80 coarsen threshold 460 Card regions per heap region 1 cards per card region 2048
 CPUs: 12 total, 12 available
 Memory: 16257M
 Large Page Support: Disabled
 NUMA Support: Disabled
 Compressed Oops: Enabled (32-bit)
 Heap Region Size: 1M
 Heap Min Capacity: 8M
 Heap Initial Capacity: 256M
 Heap Max Capacity: 2G
 Pre-touch: Disabled
 Parallel Workers: 10
 Concurrent Workers: 3
 Concurrent Refinement Workers: 10
 Periodic GC: Disabled

Heap:
 garbage-first heap   total 263168K, used 141166K [0x0000000080000000, 0x0000000100000000)
  region size 1024K, 13 young (13312K), 6 survivors (6144K)
 Metaspace       used 124568K, committed 126848K, reserved 1179648K
  class space    used 17605K, committed 18752K, reserved 1048576K

Heap Regions: E=young(eden), S=young(survivor), O=old, HS=humongous(starts), HC=humongous(continues), CS=collection set, F=free, TAMS=top-at-mark-start, PB=parsable bottom
|   0|0x0000000080000000, 0x0000000080100000, 0x0000000080100000|100%|HS|  |TAMS 0x0000000080000000| PB 0x0000000080000000| Complete 
|   1|0x0000000080100000, 0x0000000080200000, 0x0000000080200000|100%|HC|  |TAMS 0x0000000080100000| PB 0x0000000080100000| Complete 
|   2|0x0000000080200000, 0x0000000080300000, 0x0000000080300000|100%|HC|  |TAMS 0x0000000080200000| PB 0x0000000080200000| Complete 
|   3|0x0000000080300000, 0x0000000080400000, 0x0000000080400000|100%| O|  |TAMS 0x0000000080300000| PB 0x0000000080300000| Untracked 
|   4|0x0000000080400000, 0x0000000080500000, 0x0000000080500000|100%| O|  |TAMS 0x0000000080400000| PB 0x0000000080400000| Untracked 
|   5|0x0000000080500000, 0x0000000080600000, 0x0000000080600000|100%| O|  |TAMS 0x0000000080500000| PB 0x0000000080500000| Untracked 
|   6|0x0000000080600000, 0x0000000080700000, 0x0000000080700000|100%|HS|  |TAMS 0x0000000080600000| PB 0x0000000080600000| Complete 
|   7|0x0000000080700000, 0x0000000080800000, 0x0000000080800000|100%| O|  |TAMS 0x0000000080700000| PB 0x0000000080700000| Untracked 
|   8|0x0000000080800000, 0x0000000080900000, 0x0000000080900000|100%| O|  |TAMS 0x0000000080800000| PB 0x0000000080800000| Untracked 
|   9|0x0000000080900000, 0x0000000080a00000, 0x0000000080a00000|100%| O|  |TAMS 0x0000000080900000| PB 0x0000000080900000| Untracked 
|  10|0x0000000080a00000, 0x0000000080b00000, 0x0000000080b00000|100%| O|  |TAMS 0x0000000080a00000| PB 0x0000000080a00000| Untracked 
|  11|0x0000000080b00000, 0x0000000080c00000, 0x0000000080c00000|100%| O|  |TAMS 0x0000000080b00000| PB 0x0000000080b00000| Untracked 
|  12|0x0000000080c00000, 0x0000000080d00000, 0x0000000080d00000|100%| O|  |TAMS 0x0000000080c00000| PB 0x0000000080c00000| Untracked 
|  13|0x0000000080d00000, 0x0000000080e00000, 0x0000000080e00000|100%| O|  |TAMS 0x0000000080d00000| PB 0x0000000080d00000| Untracked 
|  14|0x0000000080e00000, 0x0000000080f00000, 0x0000000080f00000|100%| O|  |TAMS 0x0000000080e00000| PB 0x0000000080e00000| Untracked 
|  15|0x0000000080f00000, 0x0000000081000000, 0x0000000081000000|100%| O|  |TAMS 0x0000000080f00000| PB 0x0000000080f00000| Untracked 
|  16|0x0000000081000000, 0x0000000081100000, 0x0000000081100000|100%| O|  |TAMS 0x0000000081000000| PB 0x0000000081000000| Untracked 
|  17|0x0000000081100000, 0x0000000081200000, 0x0000000081200000|100%| O|  |TAMS 0x0000000081100000| PB 0x0000000081100000| Untracked 
|  18|0x0000000081200000, 0x0000000081300000, 0x0000000081300000|100%| O|  |TAMS 0x0000000081200000| PB 0x0000000081200000| Untracked 
|  19|0x0000000081300000, 0x0000000081400000, 0x0000000081400000|100%| O|  |TAMS 0x0000000081300000| PB 0x0000000081300000| Untracked 
|  20|0x0000000081400000, 0x0000000081500000, 0x0000000081500000|100%| O|  |TAMS 0x0000000081400000| PB 0x0000000081400000| Untracked 
|  21|0x0000000081500000, 0x0000000081600000, 0x0000000081600000|100%| O|  |TAMS 0x0000000081500000| PB 0x0000000081500000| Untracked 
|  22|0x0000000081600000, 0x0000000081700000, 0x0000000081700000|100%|HS|  |TAMS 0x0000000081600000| PB 0x0000000081600000| Complete 
|  23|0x0000000081700000, 0x0000000081800000, 0x0000000081800000|100%|HC|  |TAMS 0x0000000081700000| PB 0x0000000081700000| Complete 
|  24|0x0000000081800000, 0x0000000081900000, 0x0000000081900000|100%| O|  |TAMS 0x0000000081800000| PB 0x0000000081800000| Untracked 
|  25|0x0000000081900000, 0x0000000081a00000, 0x0000000081a00000|100%| O|  |TAMS 0x0000000081900000| PB 0x0000000081900000| Untracked 
|  26|0x0000000081a00000, 0x0000000081b00000, 0x0000000081b00000|100%| O|  |TAMS 0x0000000081a00000| PB 0x0000000081a00000| Untracked 
|  27|0x0000000081b00000, 0x0000000081c00000, 0x0000000081c00000|100%| O|  |TAMS 0x0000000081b00000| PB 0x0000000081b00000| Untracked 
|  28|0x0000000081c00000, 0x0000000081d00000, 0x0000000081d00000|100%| O|  |TAMS 0x0000000081c00000| PB 0x0000000081c00000| Untracked 
|  29|0x0000000081d00000, 0x0000000081e00000, 0x0000000081e00000|100%| O|  |TAMS 0x0000000081d00000| PB 0x0000000081d00000| Untracked 
|  30|0x0000000081e00000, 0x0000000081f00000, 0x0000000081f00000|100%| O|  |TAMS 0x0000000081e00000| PB 0x0000000081e00000| Untracked 
|  31|0x0000000081f00000, 0x0000000082000000, 0x0000000082000000|100%| O|  |TAMS 0x0000000081f00000| PB 0x0000000081f00000| Untracked 
|  32|0x0000000082000000, 0x0000000082100000, 0x0000000082100000|100%| O|  |TAMS 0x0000000082000000| PB 0x0000000082000000| Untracked 
|  33|0x0000000082100000, 0x0000000082200000, 0x0000000082200000|100%| O|  |TAMS 0x0000000082100000| PB 0x0000000082100000| Untracked 
|  34|0x0000000082200000, 0x0000000082300000, 0x0000000082300000|100%| O|  |TAMS 0x0000000082200000| PB 0x0000000082200000| Untracked 
|  35|0x0000000082300000, 0x0000000082400000, 0x0000000082400000|100%| O|  |TAMS 0x0000000082300000| PB 0x0000000082300000| Untracked 
|  36|0x0000000082400000, 0x0000000082500000, 0x0000000082500000|100%| O|  |TAMS 0x0000000082400000| PB 0x0000000082400000| Untracked 
|  37|0x0000000082500000, 0x0000000082600000, 0x0000000082600000|100%| O|  |TAMS 0x0000000082500000| PB 0x0000000082500000| Untracked 
|  38|0x0000000082600000, 0x0000000082700000, 0x0000000082700000|100%| O|  |TAMS 0x0000000082600000| PB 0x0000000082600000| Untracked 
|  39|0x0000000082700000, 0x0000000082800000, 0x0000000082800000|100%| O|  |TAMS 0x0000000082700000| PB 0x0000000082700000| Untracked 
|  40|0x0000000082800000, 0x0000000082900000, 0x0000000082900000|100%| O|  |TAMS 0x0000000082800000| PB 0x0000000082800000| Untracked 
|  41|0x0000000082900000, 0x0000000082a00000, 0x0000000082a00000|100%| O|  |TAMS 0x0000000082900000| PB 0x0000000082900000| Untracked 
|  42|0x0000000082a00000, 0x0000000082b00000, 0x0000000082b00000|100%| O|  |TAMS 0x0000000082a00000| PB 0x0000000082a00000| Untracked 
|  43|0x0000000082b00000, 0x0000000082c00000, 0x0000000082c00000|100%| O|  |TAMS 0x0000000082b00000| PB 0x0000000082b00000| Untracked 
|  44|0x0000000082c00000, 0x0000000082d00000, 0x0000000082d00000|100%| O|  |TAMS 0x0000000082c00000| PB 0x0000000082c00000| Untracked 
|  45|0x0000000082d00000, 0x0000000082e00000, 0x0000000082e00000|100%| O|  |TAMS 0x0000000082d00000| PB 0x0000000082d00000| Untracked 
|  46|0x0000000082e00000, 0x0000000082f00000, 0x0000000082f00000|100%| O|  |TAMS 0x0000000082e00000| PB 0x0000000082e00000| Untracked 
|  47|0x0000000082f00000, 0x0000000083000000, 0x0000000083000000|100%| O|  |TAMS 0x0000000082f00000| PB 0x0000000082f00000| Untracked 
|  48|0x0000000083000000, 0x0000000083100000, 0x0000000083100000|100%| O|  |TAMS 0x0000000083000000| PB 0x0000000083000000| Untracked 
|  49|0x0000000083100000, 0x0000000083200000, 0x0000000083200000|100%| O|  |TAMS 0x0000000083100000| PB 0x0000000083100000| Untracked 
|  50|0x0000000083200000, 0x0000000083300000, 0x0000000083300000|100%| O|  |TAMS 0x0000000083200000| PB 0x0000000083200000| Untracked 
|  51|0x0000000083300000, 0x0000000083400000, 0x0000000083400000|100%| O|  |TAMS 0x0000000083300000| PB 0x0000000083300000| Untracked 
|  52|0x0000000083400000, 0x0000000083500000, 0x0000000083500000|100%| O|  |TAMS 0x0000000083400000| PB 0x0000000083400000| Untracked 
|  53|0x0000000083500000, 0x0000000083600000, 0x0000000083600000|100%| O|  |TAMS 0x0000000083500000| PB 0x0000000083500000| Untracked 
|  54|0x0000000083600000, 0x0000000083700000, 0x0000000083700000|100%|HS|  |TAMS 0x0000000083600000| PB 0x0000000083600000| Complete 
|  55|0x0000000083700000, 0x0000000083800000, 0x0000000083800000|100%|HS|  |TAMS 0x0000000083700000| PB 0x0000000083700000| Complete 
|  56|0x0000000083800000, 0x0000000083900000, 0x0000000083900000|100%|HS|  |TAMS 0x0000000083800000| PB 0x0000000083800000| Complete 
|  57|0x0000000083900000, 0x0000000083a00000, 0x0000000083a00000|100%|HC|  |TAMS 0x0000000083900000| PB 0x0000000083900000| Complete 
|  58|0x0000000083a00000, 0x0000000083b00000, 0x0000000083b00000|100%|HS|  |TAMS 0x0000000083a00000| PB 0x0000000083a00000| Complete 
|  59|0x0000000083b00000, 0x0000000083c00000, 0x0000000083c00000|100%|HC|  |TAMS 0x0000000083b00000| PB 0x0000000083b00000| Complete 
|  60|0x0000000083c00000, 0x0000000083d00000, 0x0000000083d00000|100%|HS|  |TAMS 0x0000000083c00000| PB 0x0000000083c00000| Complete 
|  61|0x0000000083d00000, 0x0000000083e00000, 0x0000000083e00000|100%|HS|  |TAMS 0x0000000083d00000| PB 0x0000000083d00000| Complete 
|  62|0x0000000083e00000, 0x0000000083f00000, 0x0000000083f00000|100%| O|  |TAMS 0x0000000083e00000| PB 0x0000000083e00000| Untracked 
|  63|0x0000000083f00000, 0x0000000084000000, 0x0000000084000000|100%|HS|  |TAMS 0x0000000083f00000| PB 0x0000000083f00000| Complete 
|  64|0x0000000084000000, 0x0000000084100000, 0x0000000084100000|100%|HS|  |TAMS 0x0000000084000000| PB 0x0000000084000000| Complete 
|  65|0x0000000084100000, 0x0000000084200000, 0x0000000084200000|100%| O|  |TAMS 0x0000000084100000| PB 0x0000000084100000| Untracked 
|  66|0x0000000084200000, 0x0000000084300000, 0x0000000084300000|100%| O|  |TAMS 0x0000000084200000| PB 0x0000000084200000| Untracked 
|  67|0x0000000084300000, 0x0000000084400000, 0x0000000084400000|100%| O|  |TAMS 0x0000000084300000| PB 0x0000000084300000| Untracked 
|  68|0x0000000084400000, 0x0000000084500000, 0x0000000084500000|100%| O|  |TAMS 0x0000000084400000| PB 0x0000000084400000| Untracked 
|  69|0x0000000084500000, 0x0000000084600000, 0x0000000084600000|100%| O|  |TAMS 0x0000000084500000| PB 0x0000000084500000| Untracked 
|  70|0x0000000084600000, 0x0000000084700000, 0x0000000084700000|100%| O|  |TAMS 0x0000000084600000| PB 0x0000000084600000| Untracked 
|  71|0x0000000084700000, 0x0000000084800000, 0x0000000084800000|100%| O|  |TAMS 0x0000000084700000| PB 0x0000000084700000| Untracked 
|  72|0x0000000084800000, 0x0000000084900000, 0x0000000084900000|100%|HS|  |TAMS 0x0000000084800000| PB 0x0000000084800000| Complete 
|  73|0x0000000084900000, 0x0000000084a00000, 0x0000000084a00000|100%| O|  |TAMS 0x0000000084900000| PB 0x0000000084900000| Untracked 
|  74|0x0000000084a00000, 0x0000000084b00000, 0x0000000084b00000|100%| O|  |TAMS 0x0000000084a00000| PB 0x0000000084a00000| Untracked 
|  75|0x0000000084b00000, 0x0000000084c00000, 0x0000000084c00000|100%| O|  |TAMS 0x0000000084b00000| PB 0x0000000084b00000| Untracked 
|  76|0x0000000084c00000, 0x0000000084d00000, 0x0000000084d00000|100%| O|  |TAMS 0x0000000084c00000| PB 0x0000000084c00000| Untracked 
|  77|0x0000000084d00000, 0x0000000084e00000, 0x0000000084e00000|100%| O|  |TAMS 0x0000000084d00000| PB 0x0000000084d00000| Untracked 
|  78|0x0000000084e00000, 0x0000000084f00000, 0x0000000084f00000|100%| O|  |TAMS 0x0000000084e00000| PB 0x0000000084e00000| Untracked 
|  79|0x0000000084f00000, 0x0000000085000000, 0x0000000085000000|100%| O|  |TAMS 0x0000000084f00000| PB 0x0000000084f00000| Untracked 
|  80|0x0000000085000000, 0x0000000085100000, 0x0000000085100000|100%| O|  |TAMS 0x0000000085000000| PB 0x0000000085000000| Untracked 
|  81|0x0000000085100000, 0x0000000085200000, 0x0000000085200000|100%| O|  |TAMS 0x0000000085100000| PB 0x0000000085100000| Untracked 
|  82|0x0000000085200000, 0x00000000852e33e0, 0x0000000085300000| 88%| O|  |TAMS 0x0000000085200000| PB 0x0000000085200000| Untracked 
|  83|0x0000000085300000, 0x0000000085400000, 0x0000000085400000|100%|HS|  |TAMS 0x0000000085300000| PB 0x0000000085300000| Complete 
|  84|0x0000000085400000, 0x0000000085400000, 0x0000000085500000|  0%| F|  |TAMS 0x0000000085400000| PB 0x0000000085400000| Untracked 
|  85|0x0000000085500000, 0x0000000085600000, 0x0000000085600000|100%| O|  |TAMS 0x0000000085500000| PB 0x0000000085500000| Untracked 
|  86|0x0000000085600000, 0x0000000085700000, 0x0000000085700000|100%| O|  |TAMS 0x0000000085600000| PB 0x0000000085600000| Untracked 
|  87|0x0000000085700000, 0x0000000085800000, 0x0000000085800000|100%| O|  |TAMS 0x0000000085700000| PB 0x0000000085700000| Untracked 
|  88|0x0000000085800000, 0x0000000085900000, 0x0000000085900000|100%| O|  |TAMS 0x0000000085800000| PB 0x0000000085800000| Untracked 
|  89|0x0000000085900000, 0x0000000085a00000, 0x0000000085a00000|100%| O|  |TAMS 0x0000000085900000| PB 0x0000000085900000| Untracked 
|  90|0x0000000085a00000, 0x0000000085b00000, 0x0000000085b00000|100%| O|  |TAMS 0x0000000085a00000| PB 0x0000000085a00000| Untracked 
|  91|0x0000000085b00000, 0x0000000085c00000, 0x0000000085c00000|100%| O|  |TAMS 0x0000000085b00000| PB 0x0000000085b00000| Untracked 
|  92|0x0000000085c00000, 0x0000000085d00000, 0x0000000085d00000|100%| O|  |TAMS 0x0000000085c00000| PB 0x0000000085c00000| Untracked 
|  93|0x0000000085d00000, 0x0000000085e00000, 0x0000000085e00000|100%| O|  |TAMS 0x0000000085d00000| PB 0x0000000085d00000| Untracked 
|  94|0x0000000085e00000, 0x0000000085f00000, 0x0000000085f00000|100%| O|  |TAMS 0x0000000085e00000| PB 0x0000000085e00000| Untracked 
|  95|0x0000000085f00000, 0x0000000086000000, 0x0000000086000000|100%| O|  |TAMS 0x0000000085f00000| PB 0x0000000085f00000| Untracked 
|  96|0x0000000086000000, 0x0000000086100000, 0x0000000086100000|100%| O|  |TAMS 0x0000000086000000| PB 0x0000000086000000| Untracked 
|  97|0x0000000086100000, 0x0000000086200000, 0x0000000086200000|100%| O|  |TAMS 0x0000000086100000| PB 0x0000000086100000| Untracked 
|  98|0x0000000086200000, 0x0000000086300000, 0x0000000086300000|100%| O|  |TAMS 0x0000000086200000| PB 0x0000000086200000| Untracked 
|  99|0x0000000086300000, 0x0000000086400000, 0x0000000086400000|100%| O|  |TAMS 0x0000000086300000| PB 0x0000000086300000| Untracked 
| 100|0x0000000086400000, 0x0000000086500000, 0x0000000086500000|100%| O|  |TAMS 0x0000000086400000| PB 0x0000000086400000| Untracked 
| 101|0x0000000086500000, 0x0000000086600000, 0x0000000086600000|100%| O|  |TAMS 0x0000000086500000| PB 0x0000000086500000| Untracked 
| 102|0x0000000086600000, 0x0000000086700000, 0x0000000086700000|100%| O|  |TAMS 0x0000000086600000| PB 0x0000000086600000| Untracked 
| 103|0x0000000086700000, 0x0000000086800000, 0x0000000086800000|100%| O|  |TAMS 0x0000000086700000| PB 0x0000000086700000| Untracked 
| 104|0x0000000086800000, 0x0000000086900000, 0x0000000086900000|100%| O|  |TAMS 0x0000000086800000| PB 0x0000000086800000| Untracked 
| 105|0x0000000086900000, 0x0000000086a00000, 0x0000000086a00000|100%| O|  |TAMS 0x0000000086900000| PB 0x0000000086900000| Untracked 
| 106|0x0000000086a00000, 0x0000000086b00000, 0x0000000086b00000|100%| O|  |TAMS 0x0000000086a00000| PB 0x0000000086a00000| Untracked 
| 107|0x0000000086b00000, 0x0000000086c00000, 0x0000000086c00000|100%| O|  |TAMS 0x0000000086b00000| PB 0x0000000086b00000| Untracked 
| 108|0x0000000086c00000, 0x0000000086d00000, 0x0000000086d00000|100%| O|  |TAMS 0x0000000086c00000| PB 0x0000000086c00000| Untracked 
| 109|0x0000000086d00000, 0x0000000086e00000, 0x0000000086e00000|100%| O|  |TAMS 0x0000000086d00000| PB 0x0000000086d00000| Untracked 
| 110|0x0000000086e00000, 0x0000000086e00000, 0x0000000086f00000|  0%| F|  |TAMS 0x0000000086e00000| PB 0x0000000086e00000| Untracked 
| 111|0x0000000086f00000, 0x0000000087000000, 0x0000000087000000|100%| O|  |TAMS 0x0000000086f00000| PB 0x0000000086f00000| Untracked 
| 112|0x0000000087000000, 0x0000000087100000, 0x0000000087100000|100%| O|  |TAMS 0x0000000087000000| PB 0x0000000087000000| Untracked 
| 113|0x0000000087100000, 0x0000000087200000, 0x0000000087200000|100%| O|  |TAMS 0x0000000087100000| PB 0x0000000087100000| Untracked 
| 114|0x0000000087200000, 0x0000000087300000, 0x0000000087300000|100%| O|  |TAMS 0x0000000087200000| PB 0x0000000087200000| Untracked 
| 115|0x0000000087300000, 0x0000000087400000, 0x0000000087400000|100%| O|  |TAMS 0x0000000087300000| PB 0x0000000087300000| Untracked 
| 116|0x0000000087400000, 0x0000000087500000, 0x0000000087500000|100%| O|  |TAMS 0x0000000087400000| PB 0x0000000087400000| Untracked 
| 117|0x0000000087500000, 0x0000000087500000, 0x0000000087600000|  0%| F|  |TAMS 0x0000000087500000| PB 0x0000000087500000| Untracked 
| 118|0x0000000087600000, 0x0000000087600000, 0x0000000087700000|  0%| F|  |TAMS 0x0000000087600000| PB 0x0000000087600000| Untracked 
| 119|0x0000000087700000, 0x0000000087700000, 0x0000000087800000|  0%| F|  |TAMS 0x0000000087700000| PB 0x0000000087700000| Untracked 
| 120|0x0000000087800000, 0x0000000087800000, 0x0000000087900000|  0%| F|  |TAMS 0x0000000087800000| PB 0x0000000087800000| Untracked 
| 121|0x0000000087900000, 0x0000000087900000, 0x0000000087a00000|  0%| F|  |TAMS 0x0000000087900000| PB 0x0000000087900000| Untracked 
| 122|0x0000000087a00000, 0x0000000087a00000, 0x0000000087b00000|  0%| F|  |TAMS 0x0000000087a00000| PB 0x0000000087a00000| Untracked 
| 123|0x0000000087b00000, 0x0000000087b00000, 0x0000000087c00000|  0%| F|  |TAMS 0x0000000087b00000| PB 0x0000000087b00000| Untracked 
| 124|0x0000000087c00000, 0x0000000087c00000, 0x0000000087d00000|  0%| F|  |TAMS 0x0000000087c00000| PB 0x0000000087c00000| Untracked 
| 125|0x0000000087d00000, 0x0000000087d00000, 0x0000000087e00000|  0%| F|  |TAMS 0x0000000087d00000| PB 0x0000000087d00000| Untracked 
| 126|0x0000000087e00000, 0x0000000087e00000, 0x0000000087f00000|  0%| F|  |TAMS 0x0000000087e00000| PB 0x0000000087e00000| Untracked 
| 127|0x0000000087f00000, 0x0000000087f00000, 0x0000000088000000|  0%| F|  |TAMS 0x0000000087f00000| PB 0x0000000087f00000| Untracked 
| 128|0x0000000088000000, 0x0000000088000000, 0x0000000088100000|  0%| F|  |TAMS 0x0000000088000000| PB 0x0000000088000000| Untracked 
| 129|0x0000000088100000, 0x0000000088100000, 0x0000000088200000|  0%| F|  |TAMS 0x0000000088100000| PB 0x0000000088100000| Untracked 
| 130|0x0000000088200000, 0x0000000088200000, 0x0000000088300000|  0%| F|  |TAMS 0x0000000088200000| PB 0x0000000088200000| Untracked 
| 131|0x0000000088300000, 0x0000000088300000, 0x0000000088400000|  0%| F|  |TAMS 0x0000000088300000| PB 0x0000000088300000| Untracked 
| 132|0x0000000088400000, 0x0000000088400000, 0x0000000088500000|  0%| F|  |TAMS 0x0000000088400000| PB 0x0000000088400000| Untracked 
| 133|0x0000000088500000, 0x0000000088500000, 0x0000000088600000|  0%| F|  |TAMS 0x0000000088500000| PB 0x0000000088500000| Untracked 
| 134|0x0000000088600000, 0x0000000088600000, 0x0000000088700000|  0%| F|  |TAMS 0x0000000088600000| PB 0x0000000088600000| Untracked 
| 135|0x0000000088700000, 0x0000000088700000, 0x0000000088800000|  0%| F|  |TAMS 0x0000000088700000| PB 0x0000000088700000| Untracked 
| 136|0x0000000088800000, 0x0000000088800000, 0x0000000088900000|  0%| F|  |TAMS 0x0000000088800000| PB 0x0000000088800000| Untracked 
| 137|0x0000000088900000, 0x0000000088900000, 0x0000000088a00000|  0%| F|  |TAMS 0x0000000088900000| PB 0x0000000088900000| Untracked 
| 138|0x0000000088a00000, 0x0000000088a00000, 0x0000000088b00000|  0%| F|  |TAMS 0x0000000088a00000| PB 0x0000000088a00000| Untracked 
| 139|0x0000000088b00000, 0x0000000088b00000, 0x0000000088c00000|  0%| F|  |TAMS 0x0000000088b00000| PB 0x0000000088b00000| Untracked 
| 140|0x0000000088c00000, 0x0000000088c00000, 0x0000000088d00000|  0%| F|  |TAMS 0x0000000088c00000| PB 0x0000000088c00000| Untracked 
| 141|0x0000000088d00000, 0x0000000088d00000, 0x0000000088e00000|  0%| F|  |TAMS 0x0000000088d00000| PB 0x0000000088d00000| Untracked 
| 142|0x0000000088e00000, 0x0000000088e00000, 0x0000000088f00000|  0%| F|  |TAMS 0x0000000088e00000| PB 0x0000000088e00000| Untracked 
| 143|0x0000000088f00000, 0x0000000088f00000, 0x0000000089000000|  0%| F|  |TAMS 0x0000000088f00000| PB 0x0000000088f00000| Untracked 
| 144|0x0000000089000000, 0x0000000089000000, 0x0000000089100000|  0%| F|  |TAMS 0x0000000089000000| PB 0x0000000089000000| Untracked 
| 145|0x0000000089100000, 0x0000000089100000, 0x0000000089200000|  0%| F|  |TAMS 0x0000000089100000| PB 0x0000000089100000| Untracked 
| 146|0x0000000089200000, 0x0000000089200000, 0x0000000089300000|  0%| F|  |TAMS 0x0000000089200000| PB 0x0000000089200000| Untracked 
| 147|0x0000000089300000, 0x0000000089300000, 0x0000000089400000|  0%| F|  |TAMS 0x0000000089300000| PB 0x0000000089300000| Untracked 
| 148|0x0000000089400000, 0x0000000089400000, 0x0000000089500000|  0%| F|  |TAMS 0x0000000089400000| PB 0x0000000089400000| Untracked 
| 149|0x0000000089500000, 0x0000000089500000, 0x0000000089600000|  0%| F|  |TAMS 0x0000000089500000| PB 0x0000000089500000| Untracked 
| 150|0x0000000089600000, 0x0000000089600000, 0x0000000089700000|  0%| F|  |TAMS 0x0000000089600000| PB 0x0000000089600000| Untracked 
| 151|0x0000000089700000, 0x0000000089700000, 0x0000000089800000|  0%| F|  |TAMS 0x0000000089700000| PB 0x0000000089700000| Untracked 
| 152|0x0000000089800000, 0x0000000089800000, 0x0000000089900000|  0%| F|  |TAMS 0x0000000089800000| PB 0x0000000089800000| Untracked 
| 153|0x0000000089900000, 0x0000000089900000, 0x0000000089a00000|  0%| F|  |TAMS 0x0000000089900000| PB 0x0000000089900000| Untracked 
| 154|0x0000000089a00000, 0x0000000089a00000, 0x0000000089b00000|  0%| F|  |TAMS 0x0000000089a00000| PB 0x0000000089a00000| Untracked 
| 155|0x0000000089b00000, 0x0000000089b00000, 0x0000000089c00000|  0%| F|  |TAMS 0x0000000089b00000| PB 0x0000000089b00000| Untracked 
| 156|0x0000000089c00000, 0x0000000089c00000, 0x0000000089d00000|  0%| F|  |TAMS 0x0000000089c00000| PB 0x0000000089c00000| Untracked 
| 157|0x0000000089d00000, 0x0000000089d00000, 0x0000000089e00000|  0%| F|  |TAMS 0x0000000089d00000| PB 0x0000000089d00000| Untracked 
| 158|0x0000000089e00000, 0x0000000089ef85c0, 0x0000000089f00000| 97%| S|CS|TAMS 0x0000000089e00000| PB 0x0000000089e00000| Complete 
| 159|0x0000000089f00000, 0x000000008a000000, 0x000000008a000000|100%| S|CS|TAMS 0x0000000089f00000| PB 0x0000000089f00000| Complete 
| 160|0x000000008a000000, 0x000000008a100000, 0x000000008a100000|100%| S|CS|TAMS 0x000000008a000000| PB 0x000000008a000000| Complete 
| 161|0x000000008a100000, 0x000000008a200000, 0x000000008a200000|100%| S|CS|TAMS 0x000000008a100000| PB 0x000000008a100000| Complete 
| 162|0x000000008a200000, 0x000000008a300000, 0x000000008a300000|100%| S|CS|TAMS 0x000000008a200000| PB 0x000000008a200000| Complete 
| 163|0x000000008a300000, 0x000000008a400000, 0x000000008a400000|100%| S|CS|TAMS 0x000000008a300000| PB 0x000000008a300000| Complete 
| 164|0x000000008a400000, 0x000000008a400000, 0x000000008a500000|  0%| F|  |TAMS 0x000000008a400000| PB 0x000000008a400000| Untracked 
| 165|0x000000008a500000, 0x000000008a500000, 0x000000008a600000|  0%| F|  |TAMS 0x000000008a500000| PB 0x000000008a500000| Untracked 
| 166|0x000000008a600000, 0x000000008a600000, 0x000000008a700000|  0%| F|  |TAMS 0x000000008a600000| PB 0x000000008a600000| Untracked 
| 167|0x000000008a700000, 0x000000008a700000, 0x000000008a800000|  0%| F|  |TAMS 0x000000008a700000| PB 0x000000008a700000| Untracked 
| 168|0x000000008a800000, 0x000000008a800000, 0x000000008a900000|  0%| F|  |TAMS 0x000000008a800000| PB 0x000000008a800000| Untracked 
| 169|0x000000008a900000, 0x000000008a900000, 0x000000008aa00000|  0%| F|  |TAMS 0x000000008a900000| PB 0x000000008a900000| Untracked 
| 170|0x000000008aa00000, 0x000000008aa00000, 0x000000008ab00000|  0%| F|  |TAMS 0x000000008aa00000| PB 0x000000008aa00000| Untracked 
| 171|0x000000008ab00000, 0x000000008ab00000, 0x000000008ac00000|  0%| F|  |TAMS 0x000000008ab00000| PB 0x000000008ab00000| Untracked 
| 172|0x000000008ac00000, 0x000000008ac00000, 0x000000008ad00000|  0%| F|  |TAMS 0x000000008ac00000| PB 0x000000008ac00000| Untracked 
| 173|0x000000008ad00000, 0x000000008ad00000, 0x000000008ae00000|  0%| F|  |TAMS 0x000000008ad00000| PB 0x000000008ad00000| Untracked 
| 174|0x000000008ae00000, 0x000000008ae00000, 0x000000008af00000|  0%| F|  |TAMS 0x000000008ae00000| PB 0x000000008ae00000| Untracked 
| 175|0x000000008af00000, 0x000000008af00000, 0x000000008b000000|  0%| F|  |TAMS 0x000000008af00000| PB 0x000000008af00000| Untracked 
| 176|0x000000008b000000, 0x000000008b000000, 0x000000008b100000|  0%| F|  |TAMS 0x000000008b000000| PB 0x000000008b000000| Untracked 
| 177|0x000000008b100000, 0x000000008b100000, 0x000000008b200000|  0%| F|  |TAMS 0x000000008b100000| PB 0x000000008b100000| Untracked 
| 178|0x000000008b200000, 0x000000008b200000, 0x000000008b300000|  0%| F|  |TAMS 0x000000008b200000| PB 0x000000008b200000| Untracked 
| 179|0x000000008b300000, 0x000000008b300000, 0x000000008b400000|  0%| F|  |TAMS 0x000000008b300000| PB 0x000000008b300000| Untracked 
| 180|0x000000008b400000, 0x000000008b400000, 0x000000008b500000|  0%| F|  |TAMS 0x000000008b400000| PB 0x000000008b400000| Untracked 
| 181|0x000000008b500000, 0x000000008b500000, 0x000000008b600000|  0%| F|  |TAMS 0x000000008b500000| PB 0x000000008b500000| Untracked 
| 182|0x000000008b600000, 0x000000008b600000, 0x000000008b700000|  0%| F|  |TAMS 0x000000008b600000| PB 0x000000008b600000| Untracked 
| 183|0x000000008b700000, 0x000000008b700000, 0x000000008b800000|  0%| F|  |TAMS 0x000000008b700000| PB 0x000000008b700000| Untracked 
| 184|0x000000008b800000, 0x000000008b800000, 0x000000008b900000|  0%| F|  |TAMS 0x000000008b800000| PB 0x000000008b800000| Untracked 
| 185|0x000000008b900000, 0x000000008b900000, 0x000000008ba00000|  0%| F|  |TAMS 0x000000008b900000| PB 0x000000008b900000| Untracked 
| 186|0x000000008ba00000, 0x000000008ba00000, 0x000000008bb00000|  0%| F|  |TAMS 0x000000008ba00000| PB 0x000000008ba00000| Untracked 
| 187|0x000000008bb00000, 0x000000008bb00000, 0x000000008bc00000|  0%| F|  |TAMS 0x000000008bb00000| PB 0x000000008bb00000| Untracked 
| 188|0x000000008bc00000, 0x000000008bc00000, 0x000000008bd00000|  0%| F|  |TAMS 0x000000008bc00000| PB 0x000000008bc00000| Untracked 
| 189|0x000000008bd00000, 0x000000008bd00000, 0x000000008be00000|  0%| F|  |TAMS 0x000000008bd00000| PB 0x000000008bd00000| Untracked 
| 190|0x000000008be00000, 0x000000008be00000, 0x000000008bf00000|  0%| F|  |TAMS 0x000000008be00000| PB 0x000000008be00000| Untracked 
| 191|0x000000008bf00000, 0x000000008bf00000, 0x000000008c000000|  0%| F|  |TAMS 0x000000008bf00000| PB 0x000000008bf00000| Untracked 
| 192|0x000000008c000000, 0x000000008c000000, 0x000000008c100000|  0%| F|  |TAMS 0x000000008c000000| PB 0x000000008c000000| Untracked 
| 193|0x000000008c100000, 0x000000008c100000, 0x000000008c200000|  0%| F|  |TAMS 0x000000008c100000| PB 0x000000008c100000| Untracked 
| 194|0x000000008c200000, 0x000000008c200000, 0x000000008c300000|  0%| F|  |TAMS 0x000000008c200000| PB 0x000000008c200000| Untracked 
| 195|0x000000008c300000, 0x000000008c300000, 0x000000008c400000|  0%| F|  |TAMS 0x000000008c300000| PB 0x000000008c300000| Untracked 
| 196|0x000000008c400000, 0x000000008c400000, 0x000000008c500000|  0%| F|  |TAMS 0x000000008c400000| PB 0x000000008c400000| Untracked 
| 197|0x000000008c500000, 0x000000008c500000, 0x000000008c600000|  0%| F|  |TAMS 0x000000008c500000| PB 0x000000008c500000| Untracked 
| 198|0x000000008c600000, 0x000000008c600000, 0x000000008c700000|  0%| F|  |TAMS 0x000000008c600000| PB 0x000000008c600000| Untracked 
| 199|0x000000008c700000, 0x000000008c700000, 0x000000008c800000|  0%| F|  |TAMS 0x000000008c700000| PB 0x000000008c700000| Untracked 
| 200|0x000000008c800000, 0x000000008c800000, 0x000000008c900000|  0%| F|  |TAMS 0x000000008c800000| PB 0x000000008c800000| Untracked 
| 201|0x000000008c900000, 0x000000008c900000, 0x000000008ca00000|  0%| F|  |TAMS 0x000000008c900000| PB 0x000000008c900000| Untracked 
| 202|0x000000008ca00000, 0x000000008ca00000, 0x000000008cb00000|  0%| F|  |TAMS 0x000000008ca00000| PB 0x000000008ca00000| Untracked 
| 203|0x000000008cb00000, 0x000000008cb00000, 0x000000008cc00000|  0%| F|  |TAMS 0x000000008cb00000| PB 0x000000008cb00000| Untracked 
| 204|0x000000008cc00000, 0x000000008cc00000, 0x000000008cd00000|  0%| F|  |TAMS 0x000000008cc00000| PB 0x000000008cc00000| Untracked 
| 205|0x000000008cd00000, 0x000000008cd00000, 0x000000008ce00000|  0%| F|  |TAMS 0x000000008cd00000| PB 0x000000008cd00000| Untracked 
| 206|0x000000008ce00000, 0x000000008ce00000, 0x000000008cf00000|  0%| F|  |TAMS 0x000000008ce00000| PB 0x000000008ce00000| Untracked 
| 207|0x000000008cf00000, 0x000000008cf00000, 0x000000008d000000|  0%| F|  |TAMS 0x000000008cf00000| PB 0x000000008cf00000| Untracked 
| 208|0x000000008d000000, 0x000000008d000000, 0x000000008d100000|  0%| F|  |TAMS 0x000000008d000000| PB 0x000000008d000000| Untracked 
| 209|0x000000008d100000, 0x000000008d100000, 0x000000008d200000|  0%| F|  |TAMS 0x000000008d100000| PB 0x000000008d100000| Untracked 
| 210|0x000000008d200000, 0x000000008d200000, 0x000000008d300000|  0%| F|  |TAMS 0x000000008d200000| PB 0x000000008d200000| Untracked 
| 211|0x000000008d300000, 0x000000008d300000, 0x000000008d400000|  0%| F|  |TAMS 0x000000008d300000| PB 0x000000008d300000| Untracked 
| 212|0x000000008d400000, 0x000000008d400000, 0x000000008d500000|  0%| F|  |TAMS 0x000000008d400000| PB 0x000000008d400000| Untracked 
| 213|0x000000008d500000, 0x000000008d500000, 0x000000008d600000|  0%| F|  |TAMS 0x000000008d500000| PB 0x000000008d500000| Untracked 
| 214|0x000000008d600000, 0x000000008d600000, 0x000000008d700000|  0%| F|  |TAMS 0x000000008d600000| PB 0x000000008d600000| Untracked 
| 215|0x000000008d700000, 0x000000008d700000, 0x000000008d800000|  0%| F|  |TAMS 0x000000008d700000| PB 0x000000008d700000| Untracked 
| 216|0x000000008d800000, 0x000000008d800000, 0x000000008d900000|  0%| F|  |TAMS 0x000000008d800000| PB 0x000000008d800000| Untracked 
| 217|0x000000008d900000, 0x000000008d900000, 0x000000008da00000|  0%| F|  |TAMS 0x000000008d900000| PB 0x000000008d900000| Untracked 
| 218|0x000000008da00000, 0x000000008da00000, 0x000000008db00000|  0%| F|  |TAMS 0x000000008da00000| PB 0x000000008da00000| Untracked 
| 219|0x000000008db00000, 0x000000008db00000, 0x000000008dc00000|  0%| F|  |TAMS 0x000000008db00000| PB 0x000000008db00000| Untracked 
| 220|0x000000008dc00000, 0x000000008dc00000, 0x000000008dd00000|  0%| F|  |TAMS 0x000000008dc00000| PB 0x000000008dc00000| Untracked 
| 221|0x000000008dd00000, 0x000000008dd00000, 0x000000008de00000|  0%| F|  |TAMS 0x000000008dd00000| PB 0x000000008dd00000| Untracked 
| 222|0x000000008de00000, 0x000000008de00000, 0x000000008df00000|  0%| F|  |TAMS 0x000000008de00000| PB 0x000000008de00000| Untracked 
| 223|0x000000008df00000, 0x000000008df00000, 0x000000008e000000|  0%| F|  |TAMS 0x000000008df00000| PB 0x000000008df00000| Untracked 
| 224|0x000000008e000000, 0x000000008e000000, 0x000000008e100000|  0%| F|  |TAMS 0x000000008e000000| PB 0x000000008e000000| Untracked 
| 225|0x000000008e100000, 0x000000008e100000, 0x000000008e200000|  0%| F|  |TAMS 0x000000008e100000| PB 0x000000008e100000| Untracked 
| 226|0x000000008e200000, 0x000000008e200000, 0x000000008e300000|  0%| F|  |TAMS 0x000000008e200000| PB 0x000000008e200000| Untracked 
| 227|0x000000008e300000, 0x000000008e300000, 0x000000008e400000|  0%| F|  |TAMS 0x000000008e300000| PB 0x000000008e300000| Untracked 
| 228|0x000000008e400000, 0x000000008e400000, 0x000000008e500000|  0%| F|  |TAMS 0x000000008e400000| PB 0x000000008e400000| Untracked 
| 229|0x000000008e500000, 0x000000008e500000, 0x000000008e600000|  0%| F|  |TAMS 0x000000008e500000| PB 0x000000008e500000| Untracked 
| 230|0x000000008e600000, 0x000000008e600000, 0x000000008e700000|  0%| F|  |TAMS 0x000000008e600000| PB 0x000000008e600000| Untracked 
| 231|0x000000008e700000, 0x000000008e700000, 0x000000008e800000|  0%| F|  |TAMS 0x000000008e700000| PB 0x000000008e700000| Untracked 
| 232|0x000000008e800000, 0x000000008e800000, 0x000000008e900000|  0%| F|  |TAMS 0x000000008e800000| PB 0x000000008e800000| Untracked 
| 233|0x000000008e900000, 0x000000008e900000, 0x000000008ea00000|  0%| F|  |TAMS 0x000000008e900000| PB 0x000000008e900000| Untracked 
| 234|0x000000008ea00000, 0x000000008ea00000, 0x000000008eb00000|  0%| F|  |TAMS 0x000000008ea00000| PB 0x000000008ea00000| Untracked 
| 235|0x000000008eb00000, 0x000000008eb00000, 0x000000008ec00000|  0%| F|  |TAMS 0x000000008eb00000| PB 0x000000008eb00000| Untracked 
| 236|0x000000008ec00000, 0x000000008ec00000, 0x000000008ed00000|  0%| F|  |TAMS 0x000000008ec00000| PB 0x000000008ec00000| Untracked 
| 237|0x000000008ed00000, 0x000000008ed00000, 0x000000008ee00000|  0%| F|  |TAMS 0x000000008ed00000| PB 0x000000008ed00000| Untracked 
| 238|0x000000008ee00000, 0x000000008ee308e0, 0x000000008ef00000| 18%| E|  |TAMS 0x000000008ee00000| PB 0x000000008ee00000| Complete 
| 239|0x000000008ef00000, 0x000000008f000000, 0x000000008f000000|100%| E|CS|TAMS 0x000000008ef00000| PB 0x000000008ef00000| Complete 
| 240|0x000000008f000000, 0x000000008f100000, 0x000000008f100000|100%| E|CS|TAMS 0x000000008f000000| PB 0x000000008f000000| Complete 
| 241|0x000000008f100000, 0x000000008f200000, 0x000000008f200000|100%| E|CS|TAMS 0x000000008f100000| PB 0x000000008f100000| Complete 
| 242|0x000000008f200000, 0x000000008f300000, 0x000000008f300000|100%| E|CS|TAMS 0x000000008f200000| PB 0x000000008f200000| Complete 
| 255|0x000000008ff00000, 0x0000000090000000, 0x0000000090000000|100%| E|CS|TAMS 0x000000008ff00000| PB 0x000000008ff00000| Complete 
|2035|0x00000000ff300000, 0x00000000ff400000, 0x00000000ff400000|100%| O|  |TAMS 0x00000000ff300000| PB 0x00000000ff300000| Untracked 
|2036|0x00000000ff400000, 0x00000000ff500000, 0x00000000ff500000|100%| E|CS|TAMS 0x00000000ff400000| PB 0x00000000ff400000| Complete 
|2037|0x00000000ff500000, 0x00000000ff600000, 0x00000000ff600000|100%| O|  |TAMS 0x00000000ff500000| PB 0x00000000ff500000| Untracked 
|2038|0x00000000ff600000, 0x00000000ff700000, 0x00000000ff700000|100%| E|CS|TAMS 0x00000000ff600000| PB 0x00000000ff600000| Complete 
|2039|0x00000000ff700000, 0x00000000ff800000, 0x00000000ff800000|100%| O|  |TAMS 0x00000000ff700000| PB 0x00000000ff700000| Untracked 
|2040|0x00000000ff800000, 0x00000000ff900000, 0x00000000ff900000|100%| O|  |TAMS 0x00000000ff800000| PB 0x00000000ff800000| Untracked 
|2041|0x00000000ff900000, 0x00000000ffa00000, 0x00000000ffa00000|100%| O|  |TAMS 0x00000000ff900000| PB 0x00000000ff900000| Untracked 
|2042|0x00000000ffa00000, 0x00000000ffb00000, 0x00000000ffb00000|100%| O|  |TAMS 0x00000000ffa00000| PB 0x00000000ffa00000| Untracked 
|2043|0x00000000ffb00000, 0x00000000ffc00000, 0x00000000ffc00000|100%| O|  |TAMS 0x00000000ffb00000| PB 0x00000000ffb00000| Untracked 
|2044|0x00000000ffc00000, 0x00000000ffd00000, 0x00000000ffd00000|100%| O|  |TAMS 0x00000000ffc00000| PB 0x00000000ffc00000| Untracked 
|2045|0x00000000ffd00000, 0x00000000ffe00000, 0x00000000ffe00000|100%| O|  |TAMS 0x00000000ffd00000| PB 0x00000000ffd00000| Untracked 
|2046|0x00000000ffe00000, 0x00000000fff00000, 0x00000000fff00000|100%| O|  |TAMS 0x00000000ffe00000| PB 0x00000000ffe00000| Untracked 
|2047|0x00000000fff00000, 0x0000000100000000, 0x0000000100000000|100%| O|  |TAMS 0x00000000fff00000| PB 0x00000000fff00000| Untracked 

Card table byte_map: [0x0000000016690000,0x0000000016a90000] _byte_map_base: 0x0000000016290000

Marking Bits: (CMBitMap*) 0x0000000003c34bf0
 Bits: [0x0000000016a90000, 0x0000000018a90000)

Polling page: 0x0000000001460000

Metaspace:

Usage:
  Non-class:    104.47 MB used.
      Class:     17.19 MB used.
       Both:    121.66 MB used.

Virtual space:
  Non-class space:      128.00 MB reserved,     105.56 MB ( 82%) committed,  2 nodes.
      Class space:        1.00 GB reserved,      18.31 MB (  2%) committed,  1 nodes.
             Both:        1.12 GB reserved,     123.88 MB ( 11%) committed. 

Chunk freelists:
   Non-Class:  5.83 MB
       Class:  13.55 MB
        Both:  19.38 MB

MaxMetaspaceSize: unlimited
CompressedClassSpaceSize: 1.00 GB
Initial GC threshold: 21.00 MB
Current GC threshold: 205.75 MB
CDS: off
 - commit_granule_bytes: 65536.
 - commit_granule_words: 8192.
 - virtual_space_node_default_size: 8388608.
 - enlarge_chunks_in_place: 1.
 - use_allocation_guard: 0.


Internal statistics:

num_allocs_failed_limit: 9.
num_arena_births: 4348.
num_arena_deaths: 0.
num_vsnodes_births: 3.
num_vsnodes_deaths: 0.
num_space_committed: 1982.
num_space_uncommitted: 0.
num_chunks_returned_to_freelist: 9.
num_chunks_taken_from_freelist: 9582.
num_chunk_merges: 9.
num_chunk_splits: 6241.
num_chunks_enlarged: 3888.
num_inconsistent_stats: 0.

CodeHeap 'non-profiled nmethods': size=120000Kb used=8239Kb max_used=8239Kb free=111760Kb
 bounds [0x000000000e810000, 0x000000000f020000, 0x0000000015d40000]
CodeHeap 'profiled nmethods': size=120000Kb used=22416Kb max_used=22765Kb free=97583Kb
 bounds [0x0000000006d40000, 0x0000000008380000, 0x000000000e270000]
CodeHeap 'non-nmethods': size=5760Kb used=2775Kb max_used=2844Kb free=2984Kb
 bounds [0x000000000e270000, 0x000000000e550000, 0x000000000e810000]
CodeCache: size=245760Kb, used=33430Kb, max_used=33848Kb, free=212327Kb
 total_blobs=13153, nmethods=12103, adapters=954, full_count=0
Compilation: enabled, stopped_count=0, restarted_count=0

Compilation events (20 events):
Event: 16.693 Thread 0x000000001bd43180 14566       3       java.util.stream.IntPipeline::<init> (7 bytes)
Event: 16.693 Thread 0x000000001bd43180 nmethod 14566 0x00000000070c9d10 code [0x00000000070c9ec0, 0x00000000070c9ff8]
Event: 16.693 Thread 0x000000001bd43180 14567       3       java.util.stream.IntPipeline::sum (11 bytes)
Event: 16.694 Thread 0x000000001bd43180 nmethod 14567 0x0000000007cb3c90 code [0x0000000007cb3e80, 0x0000000007cb42b0]
Event: 16.694 Thread 0x000000001bd43180 14568       3       java.util.stream.IntPipeline::reduce (16 bytes)
Event: 16.694 Thread 0x000000001bd43180 nmethod 14568 0x0000000007520390 code [0x0000000007520560, 0x00000000075207e0]
Event: 16.696 Thread 0x000000001bd3cec0 nmethod 14515 0x000000000f013910 code [0x000000000f013c00, 0x000000000f015348]
Event: 16.696 Thread 0x000000001bd3cec0 14543       4       com.google.common.collect.ImmutableMultimap$Builder::put (50 bytes)
Event: 16.701 Thread 0x0000000026a58620 nmethod 14542 0x000000000f016290 code [0x000000000f0164e0, 0x000000000f017208]
Event: 16.701 Thread 0x0000000026a58620 14546       4       java.util.stream.ReduceOps$ReduceOp::evaluateSequential (18 bytes)
Event: 16.702 Thread 0x0000000026a58620 nmethod 14546 0x000000000f017990 code [0x000000000f017b40, 0x000000000f017d78]
Event: 16.702 Thread 0x0000000026a58620 14544       4       org.gradle.internal.snapshot.RegularFileSnapshot::<init> (25 bytes)
Event: 16.707 Thread 0x0000000026a58620 nmethod 14544 0x000000000f017f90 code [0x000000000f018140, 0x000000000f0186d0]
Event: 16.707 Thread 0x0000000026a58620 14571       4       org.gradle.internal.snapshot.AbstractIncompleteFileSystemNode::getNode (10 bytes)
Event: 16.707 Thread 0x0000000026a58620 nmethod 14571 0x000000000f018810 code [0x000000000f0189a0, 0x000000000f018af8]
Event: 16.707 Thread 0x0000000026a58620 14548       4       java.util.ArrayDeque::elementAt (4 bytes)
Event: 16.708 Thread 0x0000000026a58620 nmethod 14548 0x000000000f018c90 code [0x000000000f018e20, 0x000000000f018ec8]
Event: 16.708 Thread 0x0000000026a58620 14570       4       org.gradle.api.internal.changedetection.state.FileTimeStampInspector::timestampCanBeUsedToDetectFileChange (15 bytes)
Event: 16.708 Thread 0x0000000026a58620 nmethod 14570 0x000000000f018f90 code [0x000000000f019120, 0x000000000f0191d8]
Event: 16.717 Thread 0x000000001bd3cec0 nmethod 14543 0x000000000f019290 code [0x000000000f019580, 0x000000000f01ace0]

GC Heap History (20 events):
Event: 12.769 GC heap before
{Heap before GC invocations=38 (full 0):
 garbage-first heap   total 157696K, used 141683K [0x0000000080000000, 0x0000000100000000)
  region size 1024K, 50 young (51200K), 7 survivors (7168K)
 Metaspace       used 104538K, committed 106560K, reserved 1179648K
  class space    used 14530K, committed 15488K, reserved 1048576K
}
Event: 12.774 GC heap after
{Heap after GC invocations=39 (full 0):
 garbage-first heap   total 189440K, used 100243K [0x0000000080000000, 0x0000000100000000)
  region size 1024K, 3 young (3072K), 3 survivors (3072K)
 Metaspace       used 104538K, committed 106560K, reserved 1179648K
  class space    used 14530K, committed 15488K, reserved 1048576K
}
Event: 13.342 GC heap before
{Heap before GC invocations=40 (full 0):
 garbage-first heap   total 189440K, used 164755K [0x0000000080000000, 0x0000000100000000)
  region size 1024K, 66 young (67584K), 3 survivors (3072K)
 Metaspace       used 109177K, committed 111168K, reserved 1179648K
  class space    used 15353K, committed 16320K, reserved 1048576K
}
Event: 13.345 GC heap after
{Heap after GC invocations=41 (full 0):
 garbage-first heap   total 189440K, used 101859K [0x0000000080000000, 0x0000000100000000)
  region size 1024K, 4 young (4096K), 4 survivors (4096K)
 Metaspace       used 109177K, committed 111168K, reserved 1179648K
  class space    used 15353K, committed 16320K, reserved 1048576K
}
Event: 13.988 GC heap before
{Heap before GC invocations=41 (full 0):
 garbage-first heap   total 189440K, used 168419K [0x0000000080000000, 0x0000000100000000)
  region size 1024K, 69 young (70656K), 4 survivors (4096K)
 Metaspace       used 114039K, committed 116160K, reserved 1179648K
  class space    used 16042K, committed 17088K, reserved 1048576K
}
Event: 13.993 GC heap after
{Heap after GC invocations=42 (full 0):
 garbage-first heap   total 189440K, used 103324K [0x0000000080000000, 0x0000000100000000)
  region size 1024K, 7 young (7168K), 7 survivors (7168K)
 Metaspace       used 114039K, committed 116160K, reserved 1179648K
  class space    used 16042K, committed 17088K, reserved 1048576K
}
Event: 14.601 GC heap before
{Heap before GC invocations=42 (full 0):
 garbage-first heap   total 189440K, used 169884K [0x0000000080000000, 0x0000000100000000)
  region size 1024K, 72 young (73728K), 7 survivors (7168K)
 Metaspace       used 119507K, committed 121600K, reserved 1179648K
  class space    used 16831K, committed 17856K, reserved 1048576K
}
Event: 14.607 GC heap after
{Heap after GC invocations=43 (full 0):
 garbage-first heap   total 189440K, used 106868K [0x0000000080000000, 0x0000000100000000)
  region size 1024K, 7 young (7168K), 7 survivors (7168K)
 Metaspace       used 119507K, committed 121600K, reserved 1179648K
  class space    used 16831K, committed 17856K, reserved 1048576K
}
Event: 15.127 GC heap before
{Heap before GC invocations=44 (full 0):
 garbage-first heap   total 189440K, used 172404K [0x0000000080000000, 0x0000000100000000)
  region size 1024K, 71 young (72704K), 7 survivors (7168K)
 Metaspace       used 121613K, committed 123776K, reserved 1179648K
  class space    used 17174K, committed 18240K, reserved 1048576K
}
Event: 15.135 GC heap after
{Heap after GC invocations=45 (full 0):
 garbage-first heap   total 189440K, used 112796K [0x0000000080000000, 0x0000000100000000)
  region size 1024K, 9 young (9216K), 9 survivors (9216K)
 Metaspace       used 121613K, committed 123776K, reserved 1179648K
  class space    used 17174K, committed 18240K, reserved 1048576K
}
Event: 15.646 GC heap before
{Heap before GC invocations=45 (full 0):
 garbage-first heap   total 189440K, used 171164K [0x0000000080000000, 0x0000000100000000)
  region size 1024K, 67 young (68608K), 9 survivors (9216K)
 Metaspace       used 123734K, committed 125952K, reserved 1179648K
  class space    used 17508K, committed 18560K, reserved 1048576K
}
Event: 15.655 GC heap after
{Heap after GC invocations=46 (full 0):
 garbage-first heap   total 193536K, used 121479K [0x0000000080000000, 0x0000000100000000)
  region size 1024K, 9 young (9216K), 9 survivors (9216K)
 Metaspace       used 123734K, committed 125952K, reserved 1179648K
  class space    used 17508K, committed 18560K, reserved 1048576K
}
Event: 16.212 GC heap before
{Heap before GC invocations=46 (full 0):
 garbage-first heap   total 193536K, used 175751K [0x0000000080000000, 0x0000000100000000)
  region size 1024K, 62 young (63488K), 9 survivors (9216K)
 Metaspace       used 124155K, committed 126400K, reserved 1179648K
  class space    used 17523K, committed 18624K, reserved 1048576K
}
Event: 16.222 GC heap after
{Heap after GC invocations=47 (full 0):
 garbage-first heap   total 194560K, used 130403K [0x0000000080000000, 0x0000000100000000)
  region size 1024K, 8 young (8192K), 8 survivors (8192K)
 Metaspace       used 124155K, committed 126400K, reserved 1179648K
  class space    used 17523K, committed 18624K, reserved 1048576K
}
Event: 16.396 GC heap before
{Heap before GC invocations=48 (full 0):
 garbage-first heap   total 219136K, used 176483K [0x0000000080000000, 0x0000000100000000)
  region size 1024K, 53 young (54272K), 8 survivors (8192K)
 Metaspace       used 124171K, committed 126400K, reserved 1179648K
  class space    used 17523K, committed 18624K, reserved 1048576K
}
Event: 16.400 GC heap after
{Heap after GC invocations=49 (full 0):
 garbage-first heap   total 219136K, used 133132K [0x0000000080000000, 0x0000000100000000)
  region size 1024K, 5 young (5120K), 5 survivors (5120K)
 Metaspace       used 124171K, committed 126400K, reserved 1179648K
  class space    used 17523K, committed 18624K, reserved 1048576K
}
Event: 16.522 GC heap before
{Heap before GC invocations=49 (full 0):
 garbage-first heap   total 219136K, used 197644K [0x0000000080000000, 0x0000000100000000)
  region size 1024K, 68 young (69632K), 5 survivors (5120K)
 Metaspace       used 124203K, committed 126464K, reserved 1179648K
  class space    used 17523K, committed 18624K, reserved 1048576K
}
Event: 16.526 GC heap after
{Heap after GC invocations=50 (full 0):
 garbage-first heap   total 219136K, used 132564K [0x0000000080000000, 0x0000000100000000)
  region size 1024K, 6 young (6144K), 6 survivors (6144K)
 Metaspace       used 124203K, committed 126464K, reserved 1179648K
  class space    used 17523K, committed 18624K, reserved 1048576K
}
Event: 16.675 GC heap before
{Heap before GC invocations=50 (full 0):
 garbage-first heap   total 219136K, used 171476K [0x0000000080000000, 0x0000000100000000)
  region size 1024K, 45 young (46080K), 6 survivors (6144K)
 Metaspace       used 124549K, committed 126848K, reserved 1179648K
  class space    used 17604K, committed 18752K, reserved 1048576K
}
Event: 16.680 GC heap after
{Heap after GC invocations=51 (full 0):
 garbage-first heap   total 263168K, used 133998K [0x0000000080000000, 0x0000000100000000)
  region size 1024K, 6 young (6144K), 6 survivors (6144K)
 Metaspace       used 124549K, committed 126848K, reserved 1179648K
  class space    used 17604K, committed 18752K, reserved 1048576K
}

Dll operation events (3 events):
Event: 0.007 Loaded shared library C:\Program Files\Android\Android Studio\jbr\bin\java.dll
Event: 0.012 Loaded shared library C:\Program Files\Android\Android Studio\jbr\bin\zip.dll
Event: 0.448 Loaded shared library C:\Program Files\Android\Android Studio\jbr\bin\verify.dll

Deoptimization events (20 events):
Event: 16.670 Thread 0x000000002727e7f0 Uncommon trap: trap_request=0xffffff45 fr.pc=0x000000000ecf5d90 relative=0x0000000000000830
Event: 16.670 Thread 0x000000002727e7f0 Uncommon trap: reason=unstable_if action=reinterpret pc=0x000000000ecf5d90 method=org.gradle.internal.snapshot.PathUtil.equalChars(CCLorg/gradle/internal/snapshot/CaseSensitivity;)Z @ 40 c2
Event: 16.670 Thread 0x000000002727e7f0 DEOPT PACKING pc=0x000000000ecf5d90 sp=0x000000003519b6b0
Event: 16.670 Thread 0x000000002727e7f0 DEOPT UNPACKING pc=0x000000000e2c43a2 sp=0x000000003519b568 mode 2
Event: 16.670 Thread 0x000000002727e7f0 Uncommon trap: trap_request=0xffffff45 fr.pc=0x000000000ecefca8 relative=0x0000000000000248
Event: 16.670 Thread 0x000000002727e7f0 Uncommon trap: reason=unstable_if action=reinterpret pc=0x000000000ecefca8 method=org.gradle.internal.snapshot.PathUtil.compareDifferentCharsIgnoringCase(CC)I @ 12 c2
Event: 16.670 Thread 0x000000002727e7f0 DEOPT PACKING pc=0x000000000ecefca8 sp=0x000000003519d150
Event: 16.670 Thread 0x000000002727e7f0 DEOPT UNPACKING pc=0x000000000e2c43a2 sp=0x000000003519d0c8 mode 2
Event: 16.670 Thread 0x000000002727e7f0 Uncommon trap: trap_request=0xffffff45 fr.pc=0x000000000e8cc76c relative=0x000000000000090c
Event: 16.670 Thread 0x000000002727e7f0 Uncommon trap: reason=unstable_if action=reinterpret pc=0x000000000e8cc76c method=org.gradle.internal.snapshot.PathUtil.equalChars(CCLorg/gradle/internal/snapshot/CaseSensitivity;)Z @ 40 c2
Event: 16.670 Thread 0x000000002727e7f0 DEOPT PACKING pc=0x000000000e8cc76c sp=0x000000003519d080
Event: 16.670 Thread 0x000000002727e7f0 DEOPT UNPACKING pc=0x000000000e2c43a2 sp=0x000000003519cf98 mode 2
Event: 16.670 Thread 0x000000002727e7f0 Uncommon trap: trap_request=0xffffff45 fr.pc=0x000000000ece9fe8 relative=0x0000000000000888
Event: 16.670 Thread 0x000000002727e7f0 Uncommon trap: reason=unstable_if action=reinterpret pc=0x000000000ece9fe8 method=org.gradle.internal.snapshot.PathUtil.equalChars(CCLorg/gradle/internal/snapshot/CaseSensitivity;)Z @ 40 c2
Event: 16.670 Thread 0x000000002727e7f0 DEOPT PACKING pc=0x000000000ece9fe8 sp=0x000000003519d420
Event: 16.670 Thread 0x000000002727e7f0 DEOPT UNPACKING pc=0x000000000e2c43a2 sp=0x000000003519d358 mode 2
Event: 16.685 Thread 0x0000000033b5f3a0 Uncommon trap: trap_request=0xffffff45 fr.pc=0x000000000e959bc4 relative=0x0000000000000064
Event: 16.685 Thread 0x0000000033b5f3a0 Uncommon trap: reason=unstable_if action=reinterpret pc=0x000000000e959bc4 method=org.gradle.internal.io.StreamByteBuffer.prepareRead()I @ 20 c2
Event: 16.685 Thread 0x0000000033b5f3a0 DEOPT PACKING pc=0x000000000e959bc4 sp=0x0000000034e5ea20
Event: 16.685 Thread 0x0000000033b5f3a0 DEOPT UNPACKING pc=0x000000000e2c43a2 sp=0x0000000034e5e9d8 mode 2

Classes loaded (20 events):
Event: 14.944 Loading class java/util/TreeMap$KeySpliterator
Event: 14.945 Loading class java/util/TreeMap$TreeMapSpliterator
Event: 14.945 Loading class java/util/TreeMap$TreeMapSpliterator done
Event: 14.945 Loading class java/util/TreeMap$KeySpliterator done
Event: 15.234 Loading class java/io/FilterReader
Event: 15.235 Loading class java/io/FilterReader done
Event: 15.530 Loading class java/io/SequenceInputStream
Event: 15.530 Loading class java/io/SequenceInputStream done
Event: 15.536 Loading class java/util/function/IntUnaryOperator
Event: 15.536 Loading class java/util/function/IntUnaryOperator done
Event: 16.661 Loading class java/util/stream/ReferencePipeline$4
Event: 16.661 Loading class java/util/stream/IntPipeline$StatelessOp
Event: 16.661 Loading class java/util/stream/IntPipeline$StatelessOp done
Event: 16.661 Loading class java/util/stream/ReferencePipeline$4 done
Event: 16.661 Loading class java/util/stream/ReduceOps$6
Event: 16.662 Loading class java/util/stream/ReduceOps$6 done
Event: 16.662 Loading class java/util/stream/ReduceOps$5ReducingSink
Event: 16.662 Loading class java/util/stream/ReduceOps$5ReducingSink done
Event: 16.662 Loading class java/util/stream/ReferencePipeline$4$1
Event: 16.662 Loading class java/util/stream/ReferencePipeline$4$1 done

Classes unloaded (0 events):
No events

Classes redefined (0 events):
No events

Internal exceptions (20 events):
Event: 16.082 Thread 0x000000002727e7f0 Exception <a 'sun/nio/fs/WindowsException'{0x0000000089059520}> (0x0000000089059520) 
thrown [s\src\hotspot\share\prims\jni.cpp, line 537]
Event: 16.084 Thread 0x000000002727e7f0 Exception <a 'sun/nio/fs/WindowsException'{0x0000000089073060}> (0x0000000089073060) 
thrown [s\src\hotspot\share\prims\jni.cpp, line 537]
Event: 16.085 Thread 0x000000002727e7f0 Exception <a 'sun/nio/fs/WindowsException'{0x00000000890bab78}> (0x00000000890bab78) 
thrown [s\src\hotspot\share\prims\jni.cpp, line 537]
Event: 16.086 Thread 0x000000002727e7f0 Exception <a 'sun/nio/fs/WindowsException'{0x00000000890cdbf8}> (0x00000000890cdbf8) 
thrown [s\src\hotspot\share\prims\jni.cpp, line 537]
Event: 16.088 Thread 0x000000002727e7f0 Exception <a 'sun/nio/fs/WindowsException'{0x00000000890e3808}> (0x00000000890e3808) 
thrown [s\src\hotspot\share\prims\jni.cpp, line 537]
Event: 16.089 Thread 0x000000002727e7f0 Exception <a 'sun/nio/fs/WindowsException'{0x00000000890f10e0}> (0x00000000890f10e0) 
thrown [s\src\hotspot\share\prims\jni.cpp, line 537]
Event: 16.090 Thread 0x000000002727e7f0 Exception <a 'sun/nio/fs/WindowsException'{0x0000000088f322d0}> (0x0000000088f322d0) 
thrown [s\src\hotspot\share\prims\jni.cpp, line 537]
Event: 16.092 Thread 0x000000002727e7f0 Exception <a 'sun/nio/fs/WindowsException'{0x0000000088f47a18}> (0x0000000088f47a18) 
thrown [s\src\hotspot\share\prims\jni.cpp, line 537]
Event: 16.152 Thread 0x000000002727e7f0 Exception <a 'sun/nio/fs/WindowsException'{0x00000000889146d0}> (0x00000000889146d0) 
thrown [s\src\hotspot\share\prims\jni.cpp, line 537]
Event: 16.152 Thread 0x000000002727e7f0 Exception <a 'sun/nio/fs/WindowsException'{0x0000000088921638}> (0x0000000088921638) 
thrown [s\src\hotspot\share\prims\jni.cpp, line 537]
Event: 16.153 Thread 0x000000002727e7f0 Exception <a 'sun/nio/fs/WindowsException'{0x000000008892e010}> (0x000000008892e010) 
thrown [s\src\hotspot\share\prims\jni.cpp, line 537]
Event: 16.154 Thread 0x000000002727e7f0 Exception <a 'sun/nio/fs/WindowsException'{0x000000008893f4f8}> (0x000000008893f4f8) 
thrown [s\src\hotspot\share\prims\jni.cpp, line 537]
Event: 16.154 Thread 0x000000002727e7f0 Exception <a 'sun/nio/fs/WindowsException'{0x0000000088948fa8}> (0x0000000088948fa8) 
thrown [s\src\hotspot\share\prims\jni.cpp, line 537]
Event: 16.154 Thread 0x000000002727e7f0 Exception <a 'sun/nio/fs/WindowsException'{0x0000000088954db8}> (0x0000000088954db8) 
thrown [s\src\hotspot\share\prims\jni.cpp, line 537]
Event: 16.155 Thread 0x000000002727e7f0 Exception <a 'sun/nio/fs/WindowsException'{0x000000008895ee70}> (0x000000008895ee70) 
thrown [s\src\hotspot\share\prims\jni.cpp, line 537]
Event: 16.155 Thread 0x000000002727e7f0 Exception <a 'sun/nio/fs/WindowsException'{0x0000000088969670}> (0x0000000088969670) 
thrown [s\src\hotspot\share\prims\jni.cpp, line 537]
Event: 16.155 Thread 0x000000002727e7f0 Exception <a 'sun/nio/fs/WindowsException'{0x0000000088972950}> (0x0000000088972950) 
thrown [s\src\hotspot\share\prims\jni.cpp, line 537]
Event: 16.161 Thread 0x000000002727e7f0 Exception <a 'sun/nio/fs/WindowsException'{0x0000000088850f30}> (0x0000000088850f30) 
thrown [s\src\hotspot\share\prims\jni.cpp, line 537]
Event: 16.616 Thread 0x000000002727e7f0 Exception <a 'java/lang/NoSuchMethodError'{0x000000008a7d42e8}: 'int java.lang.invoke.DirectMethodHandle$Holder.invokeStaticInit(java.lang.Object, java.lang.Object, java.lang.Object, java.lang.Object, java.lang.Object)'> (0x000000008a7d42e8) 
thrown [s\src\hotspot\share\interpreter\linkResolver.cpp, line 784]
Event: 16.665 Thread 0x000000002727e7f0 Exception <a 'sun/nio/fs/WindowsException'{0x000000008a5af498}> (0x000000008a5af498) 
thrown [s\src\hotspot\share\prims\jni.cpp, line 537]

ZGC Phase Switch (0 events):
No events

VM Operations (20 events):
Event: 16.147 Executing safepoint VM operation: ICBufferFull
Event: 16.147 Executing safepoint VM operation: ICBufferFull done
Event: 16.211 Executing safepoint VM operation: G1CollectForAllocation (G1 Evacuation Pause)
Event: 16.222 Executing safepoint VM operation: G1CollectForAllocation (G1 Evacuation Pause) done
Event: 16.291 Executing safepoint VM operation: G1PauseRemark
Event: 16.296 Executing safepoint VM operation: G1PauseRemark done
Event: 16.322 Executing safepoint VM operation: G1PauseCleanup
Event: 16.322 Executing safepoint VM operation: G1PauseCleanup done
Event: 16.396 Executing safepoint VM operation: G1CollectForAllocation (G1 Evacuation Pause)
Event: 16.400 Executing safepoint VM operation: G1CollectForAllocation (G1 Evacuation Pause) done
Event: 16.522 Executing safepoint VM operation: G1CollectForAllocation (G1 Evacuation Pause)
Event: 16.526 Executing safepoint VM operation: G1CollectForAllocation (G1 Evacuation Pause) done
Event: 16.629 Executing non-safepoint VM operation: HandshakeAllThreads (Deoptimize)
Event: 16.629 Executing non-safepoint VM operation: HandshakeAllThreads (Deoptimize) done
Event: 16.653 Executing non-safepoint VM operation: HandshakeAllThreads (Deoptimize)
Event: 16.653 Executing non-safepoint VM operation: HandshakeAllThreads (Deoptimize) done
Event: 16.669 Executing non-safepoint VM operation: HandshakeAllThreads (Deoptimize)
Event: 16.669 Executing non-safepoint VM operation: HandshakeAllThreads (Deoptimize) done
Event: 16.675 Executing safepoint VM operation: G1TryInitiateConcMark (G1 Humongous Allocation)
Event: 16.680 Executing safepoint VM operation: G1TryInitiateConcMark (G1 Humongous Allocation) done

Memory protections (0 events):
No events

Nmethod flushes (20 events):
Event: 16.295 Thread 0x000000001ba10bb0 flushing  nmethod 0x0000000007503f90
Event: 16.295 Thread 0x000000001ba10bb0 flushing  nmethod 0x0000000007504890
Event: 16.295 Thread 0x000000001ba10bb0 flushing  nmethod 0x0000000007506690
Event: 16.295 Thread 0x000000001ba10bb0 flushing  nmethod 0x0000000007661f90
Event: 16.295 Thread 0x000000001ba10bb0 flushing  nmethod 0x00000000076be490
Event: 16.295 Thread 0x000000001ba10bb0 flushing  nmethod 0x00000000076bf210
Event: 16.295 Thread 0x000000001ba10bb0 flushing  nmethod 0x0000000007760e90
Event: 16.295 Thread 0x000000001ba10bb0 flushing  nmethod 0x00000000078ad490
Event: 16.295 Thread 0x000000001ba10bb0 flushing  nmethod 0x00000000078ade90
Event: 16.295 Thread 0x000000001ba10bb0 flushing  nmethod 0x00000000079d3690
Event: 16.295 Thread 0x000000001ba10bb0 flushing  nmethod 0x0000000007b30b10
Event: 16.295 Thread 0x000000001ba10bb0 flushing  nmethod 0x0000000007b8a390
Event: 16.295 Thread 0x000000001ba10bb0 flushing  nmethod 0x0000000007c99e10
Event: 16.295 Thread 0x000000001ba10bb0 flushing  nmethod 0x0000000007d51910
Event: 16.295 Thread 0x000000001ba10bb0 flushing  nmethod 0x0000000007e31c90
Event: 16.295 Thread 0x000000001ba10bb0 flushing  nmethod 0x0000000007e32110
Event: 16.295 Thread 0x000000001ba10bb0 flushing  nmethod 0x0000000007e36390
Event: 16.295 Thread 0x000000001ba10bb0 flushing  nmethod 0x0000000007f31210
Event: 16.295 Thread 0x000000001ba10bb0 flushing  nmethod 0x0000000007f97390
Event: 16.295 Thread 0x000000001ba10bb0 flushing  nmethod 0x0000000007f98210

Events (20 events):
Event: 16.181 Thread 0x000000002727e7f0 Thread added: 0x0000000033b5e680
Event: 16.181 Thread 0x000000002727e7f0 Thread added: 0x0000000033b600c0
Event: 16.181 Thread 0x000000002727e7f0 Thread added: 0x0000000033b61b00
Event: 16.181 Thread 0x000000002727e7f0 Thread added: 0x0000000033b62190
Event: 16.181 Thread 0x000000002727e7f0 Thread added: 0x0000000033b648f0
Event: 16.181 Thread 0x000000002727e7f0 Thread added: 0x0000000033b5dff0
Event: 16.181 Thread 0x000000002727e7f0 Thread added: 0x0000000033b64f80
Event: 16.182 Thread 0x000000002727e7f0 Thread added: 0x0000000033b62eb0
Event: 16.182 Thread 0x000000002727e7f0 Thread added: 0x0000000033b60de0
Event: 16.517 Thread 0x000000002727e7f0 Thread added: 0x00000000348c1c30
Event: 16.518 Thread 0x000000002727e7f0 Thread added: 0x00000000348c01f0
Event: 16.518 Thread 0x000000002727e7f0 Thread added: 0x00000000348c0880
Event: 16.518 Thread 0x000000002727e7f0 Thread added: 0x00000000348c4a20
Event: 16.519 Thread 0x000000002727e7f0 Thread added: 0x00000000348c4390
Event: 16.519 Thread 0x000000002727e7f0 Thread added: 0x00000000348c22c0
Event: 16.519 Thread 0x000000002727e7f0 Thread added: 0x00000000348c15a0
Event: 16.519 Thread 0x000000002727e7f0 Thread added: 0x00000000348bf4d0
Event: 16.519 Thread 0x000000002727e7f0 Thread added: 0x00000000348c0f10
Event: 16.519 Thread 0x000000002727e7f0 Thread added: 0x00000000348bda90
Event: 16.519 Thread 0x000000002727e7f0 Thread added: 0x00000000348c2950


Dynamic libraries:
0x00007ff7f8200000 - 0x00007ff7f820a000 	C:\Program Files\Android\Android Studio\jbr\bin\java.exe
0x00007ffb01270000 - 0x00007ffb01487000 	C:\Windows\SYSTEM32\ntdll.dll
0x00007ffaff230000 - 0x00007ffaff2f4000 	C:\Windows\System32\KERNEL32.DLL
0x00007ffafe660000 - 0x00007ffafea0d000 	C:\Windows\System32\KERNELBASE.dll
0x00007ffafed60000 - 0x00007ffafee71000 	C:\Windows\System32\ucrtbase.dll
0x00007ffae2d40000 - 0x00007ffae2d58000 	C:\Program Files\Android\Android Studio\jbr\bin\jli.dll
0x00007ffad6db0000 - 0x00007ffad6dcb000 	C:\Program Files\Android\Android Studio\jbr\bin\VCRUNTIME140.dll
0x00007ffb006a0000 - 0x00007ffb0084e000 	C:\Windows\System32\USER32.dll
0x00007ffaedb50000 - 0x00007ffaedde3000 	C:\Windows\WinSxS\amd64_microsoft.windows.common-controls_6595b64144ccf1df_6.0.22621.3672_none_2713b9d173822955\COMCTL32.dll
0x00007ffafe630000 - 0x00007ffafe656000 	C:\Windows\System32\win32u.dll
0x00007ffb00d00000 - 0x00007ffb00da7000 	C:\Windows\System32\msvcrt.dll
0x00007ffb00220000 - 0x00007ffb00249000 	C:\Windows\System32\GDI32.dll
0x00007ffafee80000 - 0x00007ffafef99000 	C:\Windows\System32\gdi32full.dll
0x00007ffafecc0000 - 0x00007ffafed5a000 	C:\Windows\System32\msvcp_win.dll
0x00007ffb00660000 - 0x00007ffb00691000 	C:\Windows\System32\IMM32.DLL
0x00007ffada3d0000 - 0x00007ffada3dc000 	C:\Program Files\Android\Android Studio\jbr\bin\vcruntime140_1.dll
0x00007ffab7020000 - 0x00007ffab70ad000 	C:\Program Files\Android\Android Studio\jbr\bin\msvcp140.dll
0x00007ffa8e500000 - 0x00007ffa8f196000 	C:\Program Files\Android\Android Studio\jbr\bin\server\jvm.dll
0x00007ffb00850000 - 0x00007ffb00902000 	C:\Windows\System32\ADVAPI32.dll
0x00007ffb00550000 - 0x00007ffb005f9000 	C:\Windows\System32\sechost.dll
0x00007ffafe590000 - 0x00007ffafe5b8000 	C:\Windows\System32\bcrypt.dll
0x00007ffaff890000 - 0x00007ffaff9a4000 	C:\Windows\System32\RPCRT4.dll
0x00007ffaff580000 - 0x00007ffaff5f1000 	C:\Windows\System32\WS2_32.dll
0x00007ffafd440000 - 0x00007ffafd48d000 	C:\Windows\SYSTEM32\POWRPROF.dll
0x00007ffaf85d0000 - 0x00007ffaf8604000 	C:\Windows\SYSTEM32\WINMM.dll
0x00007ffafa7d0000 - 0x00007ffafa7da000 	C:\Windows\SYSTEM32\VERSION.dll
0x00007ffafd420000 - 0x00007ffafd433000 	C:\Windows\SYSTEM32\UMPDC.dll
0x00007ffafd630000 - 0x00007ffafd648000 	C:\Windows\SYSTEM32\kernel.appcore.dll
0x00007ffad9e20000 - 0x00007ffad9e2a000 	C:\Program Files\Android\Android Studio\jbr\bin\jimage.dll
0x00007ffaf7ae0000 - 0x00007ffaf7d12000 	C:\Windows\SYSTEM32\DBGHELP.DLL
0x00007ffb00970000 - 0x00007ffb00cfe000 	C:\Windows\System32\combase.dll
0x00007ffaff710000 - 0x00007ffaff7e7000 	C:\Windows\System32\OLEAUT32.dll
0x00007ffadba40000 - 0x00007ffadba72000 	C:\Windows\SYSTEM32\dbgcore.DLL
0x00007ffafec40000 - 0x00007ffafecbb000 	C:\Windows\System32\bcryptPrimitives.dll
0x00007ffae3360000 - 0x00007ffae336e000 	C:\Program Files\Android\Android Studio\jbr\bin\instrument.dll
0x00007ffad2c10000 - 0x00007ffad2c30000 	C:\Program Files\Android\Android Studio\jbr\bin\java.dll
0x00007ffab7dc0000 - 0x00007ffab7dd8000 	C:\Program Files\Android\Android Studio\jbr\bin\zip.dll
0x00007ffaff9b0000 - 0x00007ffb00217000 	C:\Windows\System32\SHELL32.dll
0x00007ffafc680000 - 0x00007ffafcf7f000 	C:\Windows\SYSTEM32\windows.storage.dll
0x00007ffafc510000 - 0x00007ffafc64f000 	C:\Windows\SYSTEM32\wintypes.dll
0x00007ffaff130000 - 0x00007ffaff229000 	C:\Windows\System32\SHCORE.dll
0x00007ffaff600000 - 0x00007ffaff65e000 	C:\Windows\System32\shlwapi.dll
0x00007ffafe4c0000 - 0x00007ffafe4e7000 	C:\Windows\SYSTEM32\profapi.dll
0x00007ffad9020000 - 0x00007ffad9030000 	C:\Program Files\Android\Android Studio\jbr\bin\net.dll
0x00007ffafb220000 - 0x00007ffafb356000 	C:\Windows\SYSTEM32\WINHTTP.dll
0x00007ffafdb40000 - 0x00007ffafdba9000 	C:\Windows\system32\mswsock.dll
0x00007ffab6ca0000 - 0x00007ffab6cb6000 	C:\Program Files\Android\Android Studio\jbr\bin\nio.dll
0x00007ffad8d60000 - 0x00007ffad8d70000 	C:\Program Files\Android\Android Studio\jbr\bin\verify.dll
0x00007ffae2250000 - 0x00007ffae2277000 	C:\Users\ADMIN\.gradle\native\1def1411415f61bf3af743bc5b6707747c0891f09f0c88961ee8f79bc544acac\windows-amd64\native-platform.dll
0x00007ffab6d90000 - 0x00007ffab6e08000 	C:\Users\ADMIN\.gradle\native\0.2.7\x86_64-windows-gnu\gradle-fileevents.dll
0x00007ffad90d0000 - 0x00007ffad90d9000 	C:\Program Files\Android\Android Studio\jbr\bin\management.dll
0x00007ffad90c0000 - 0x00007ffad90cb000 	C:\Program Files\Android\Android Studio\jbr\bin\management_ext.dll
0x00007ffaff870000 - 0x00007ffaff878000 	C:\Windows\System32\PSAPI.DLL
0x00007ffafc650000 - 0x00007ffafc67d000 	C:\Windows\SYSTEM32\IPHLPAPI.DLL
0x00007ffaff880000 - 0x00007ffaff889000 	C:\Windows\System32\NSI.dll
0x00007ffae48f0000 - 0x00007ffae48f9000 	C:\Program Files\Android\Android Studio\jbr\bin\extnet.dll
0x00007ffafdd90000 - 0x00007ffafddab000 	C:\Windows\SYSTEM32\CRYPTSP.dll
0x00007ffafd650000 - 0x00007ffafd685000 	C:\Windows\system32\rsaenh.dll
0x00007ffafdc30000 - 0x00007ffafdc58000 	C:\Windows\SYSTEM32\USERENV.dll
0x00007ffafddb0000 - 0x00007ffafddbc000 	C:\Windows\SYSTEM32\CRYPTBASE.dll
0x00007ffae4900000 - 0x00007ffae4908000 	C:\Windows\system32\wshunix.dll
0x00007ffafd0a0000 - 0x00007ffafd198000 	C:\Windows\SYSTEM32\DNSAPI.dll
0x00007ffaf6020000 - 0x00007ffaf602a000 	C:\Windows\System32\rasadhlp.dll
0x00007ffafa030000 - 0x00007ffafa0b3000 	C:\Windows\System32\fwpuclnt.dll

JVMTI agents:
C:\Users\ADMIN\.gradle\wrapper\dists\gradle-8.13-bin\5xuhj0ry160q40clulazy9h7d\gradle-8.13\lib\agents\gradle-instrumentation-agent-8.13.jar path:C:\Program Files\Android\Android Studio\jbr\bin\instrument.dll, loaded, initialized, instrumentlib options:none

dbghelp: loaded successfully - version: 4.0.5 - missing functions: none
symbol engine: initialized successfully - sym options: 0x614 - pdb path: .;C:\Program Files\Android\Android Studio\jbr\bin;C:\Windows\SYSTEM32;C:\Windows\WinSxS\amd64_microsoft.windows.common-controls_6595b64144ccf1df_6.0.22621.3672_none_2713b9d173822955;C:\Program Files\Android\Android Studio\jbr\bin\server;C:\Users\ADMIN\.gradle\native\1def1411415f61bf3af743bc5b6707747c0891f09f0c88961ee8f79bc544acac\windows-amd64;C:\Users\ADMIN\.gradle\native\0.2.7\x86_64-windows-gnu

VM Arguments:
jvm_args: --add-opens=java.base/java.lang=ALL-UNNAMED --add-opens=java.base/java.lang.invoke=ALL-UNNAMED --add-opens=java.base/java.util=ALL-UNNAMED --add-opens=java.prefs/java.util.prefs=ALL-UNNAMED --add-exports=jdk.compiler/com.sun.tools.javac.api=ALL-UNNAMED --add-exports=jdk.compiler/com.sun.tools.javac.util=ALL-UNNAMED --add-opens=java.base/java.util=ALL-UNNAMED --add-opens=java.prefs/java.util.prefs=ALL-UNNAMED --add-opens=java.base/java.nio.charset=ALL-UNNAMED --add-opens=java.base/java.net=ALL-UNNAMED --add-opens=java.base/java.util.concurrent.atomic=ALL-UNNAMED --add-opens=java.xml/javax.xml.namespace=ALL-UNNAMED -Xmx2048m -Dfile.encoding=UTF-8 -Duser.country=US -Duser.language=en -Duser.variant -javaagent:C:\Users\ADMIN\.gradle\wrapper\dists\gradle-8.13-bin\5xuhj0ry160q40clulazy9h7d\gradle-8.13\lib\agents\gradle-instrumentation-agent-8.13.jar 
java_command: org.gradle.launcher.daemon.bootstrap.GradleDaemon 8.13
java_class_path (initial): C:\Users\ADMIN\.gradle\wrapper\dists\gradle-8.13-bin\5xuhj0ry160q40clulazy9h7d\gradle-8.13\lib\gradle-daemon-main-8.13.jar
Launcher Type: SUN_STANDARD

[Global flags]
     intx CICompilerCount                          = 4                                         {product} {ergonomic}
     uint ConcGCThreads                            = 3                                         {product} {ergonomic}
     uint G1ConcRefinementThreads                  = 10                                        {product} {ergonomic}
   size_t G1HeapRegionSize                         = 1048576                                   {product} {ergonomic}
    uintx GCDrainStackTargetSize                   = 64                                        {product} {ergonomic}
   size_t InitialHeapSize                          = 268435456                                 {product} {ergonomic}
   size_t MarkStackSize                            = 4194304                                   {product} {ergonomic}
   size_t MaxHeapSize                              = 2147483648                                {product} {command line}
   size_t MaxNewSize                               = 1287651328                                {product} {ergonomic}
   size_t MinHeapDeltaBytes                        = 1048576                                   {product} {ergonomic}
   size_t MinHeapSize                              = 8388608                                   {product} {ergonomic}
    uintx NonNMethodCodeHeapSize                   = 5839372                                {pd product} {ergonomic}
    uintx NonProfiledCodeHeapSize                  = 122909434                              {pd product} {ergonomic}
    uintx ProfiledCodeHeapSize                     = 122909434                              {pd product} {ergonomic}
    uintx ReservedCodeCacheSize                    = 251658240                              {pd product} {ergonomic}
     bool SegmentedCodeCache                       = true                                      {product} {ergonomic}
   size_t SoftMaxHeapSize                          = 2147483648                             {manageable} {ergonomic}
     bool UseCompressedOops                        = true                           {product lp64_product} {ergonomic}
     bool UseG1GC                                  = true                                      {product} {ergonomic}
     bool UseLargePagesIndividualAllocation        = false                                  {pd product} {ergonomic}

Logging:
Log output configuration:
 #0: stdout all=warning uptime,level,tags foldmultilines=false
 #1: stderr all=off uptime,level,tags foldmultilines=false

Release file:
JAVA_VERSION="21.0.10" 
MODULES="java.base java.compiler java.datatransfer java.xml java.prefs java.desktop java.instrument java.logging java.management java.security.sasl java.naming java.rmi java.management.rmi java.net.http java.scripting java.security.jgss java.transaction.xa java.sql java.sql.rowset java.xml.crypto java.se java.smartcardio jdk.accessibility jdk.internal.jvmstat jdk.attach jdk.charsets jdk.internal.opt jdk.zipfs jdk.compiler jdk.crypto.ec jdk.crypto.cryptoki jdk.dynalink jdk.hotspot.agent jdk.httpserver jdk.internal.ed jdk.internal.le jdk.internal.vm.ci jdk.jartool jdk.javadoc jdk.jcmd jdk.jdeps jdk.jdwp.agent jdk.jdi jdk.jfr jdk.jlink jdk.jsobject jdk.localedata jdk.management jdk.management.agent jdk.management.jfr jdk.naming.dns jdk.naming.rmi jdk.net jdk.sctp jdk.security.auth jdk.security.jgss jdk.unsupported jdk.unsupported.desktop jdk.xml.dom" 
IMPLEMENTOR="JetBrains s.r.o." 
JAVA_RUNTIME_VERSION="21.0.10+-14961533-b1163.108" 
LIBC="default" 
OS_ARCH="x86_64" 
OS_NAME="Windows" 
SOURCE=".:git:1351622c2ff2" 

Environment Variables:
JAVA_HOME=C:\Program Files\Java\jdk-21.0.10
PATH=C:\Program Files\Java\jdk-21.0.10\bin;C:\Windows\system32;C:\Windows;C:\Windows\System32\Wbem;C:\Windows\System32\WindowsPowerShell\v1.0\;C:\Windows\System32\OpenSSH\;C:\Program Files\NVIDIA Corporation\NVIDIA App\NvDLISR;C:\Program Files (x86)\NVIDIA Corporation\PhysX\Common;C:\Program Files\Git\cmd;C:\Program Files\Cursor\resources\app\bin;C:\Users\ADMIN\AppData\Local\Microsoft\WindowsApps;C:\Users\ADMIN\AppData\Local\Programs\VS Code\bin;C:\Program Files\Java\jdk-21.0.10\bin;
USERNAME=ADMIN
OS=Windows_NT
PROCESSOR_IDENTIFIER=AMD64 Family 25 Model 80 Stepping 0, AuthenticAMD
TMP=C:\Users\ADMIN\AppData\Local\Temp
TEMP=C:\Users\ADMIN\AppData\Local\Temp




Periodic native trim disabled

JNI global refs:
JNI global refs: 32, weak refs: 2

JNI global refs memory usage: 835, weak refs: 833

Process memory usage:
Resident Set Size: 574312K (3% of 16648124K total physical memory with 575844K free physical memory)

OOME stack traces (most recent first):
Classloader memory used:
Loader org.gradle.internal.classloader.VisitableURLClassLoader                         : 45507K
Loader bootstrap                                                                       : 33420K
Loader org.gradle.internal.classloader.VisitableURLClassLoader$InstrumentingVisitableURLClassLoader: 30595K
Loader org.gradle.initialization.MixInLegacyTypesClassLoader                           : 13312K
Loader jdk.internal.loader.ClassLoaders$PlatformClassLoader                            : 804K
Loader jdk.internal.reflect.DelegatingClassLoader                                      : 355K
Loader jdk.internal.loader.ClassLoaders$AppClassLoader                                 : 238K
Loader org.gradle.internal.classloader.VisitableURLClassLoader                         : 188K
Loader org.gradle.groovy.scripts.internal.DefaultScriptCompilationHandler$ScriptClassLoader: 137K
Loader org.codehaus.groovy.runtime.callsite.CallSiteClassLoader                        : 27512B

Classes loaded by more than one classloader:
Class Program                                                                         : loaded 5 times (x 72B)
Class Build_gradle                                                                    : loaded 3 times (x 130B)
Class Build_gradle$1                                                                  : loaded 3 times (x 74B)
Class org.gradle.internal.classloader.FilteringClassLoader                            : loaded 2 times (x 105B)
Class com.google.common.base.CharMatcher$IsEither                                     : loaded 2 times (x 111B)
Class org.gradle.internal.classloader.ClassLoaderHierarchy                            : loaded 2 times (x 70B)
Class com.google.common.collect.ImmutableEnumSet                                      : loaded 2 times (x 146B)
Class com.google.common.util.concurrent.ExecutionError                                : loaded 2 times (x 82B)
Class com.google.common.collect.ImmutableList$1                                       : loaded 2 times (x 97B)
Class org.gradle.api.internal.classpath.ManifestUtil                                  : loaded 2 times (x 71B)
Class com.google.common.collect.RegularImmutableMap                                   : loaded 2 times (x 121B)
Class com.google.common.collect.ImmutableMap$MapViewOfValuesAsSingletonSets           : loaded 2 times (x 126B)
Class [Lorg.objectweb.asm.Symbol;                                                     : loaded 2 times (x 69B)
Class org.objectweb.asm.ClassVisitor                                                  : loaded 2 times (x 88B)
Class com.google.common.collect.UnmodifiableListIterator                              : loaded 2 times (x 95B)
Class com.google.common.base.Platform$JdkPatternCompiler                              : loaded 2 times (x 75B)
Class org.objectweb.asm.MethodTooLargeException                                       : loaded 2 times (x 83B)
Class [Lcom.google.common.cache.CacheBuilder$OneWeigher;                              : loaded 2 times (x 69B)
Class com.google.common.base.Suppliers                                                : loaded 2 times (x 71B)
Class org.gradle.internal.classloader.DefaultClassLoaderFactory                       : loaded 2 times (x 82B)
Class org.gradle.internal.classloader.ClassLoaderVisitor                              : loaded 2 times (x 76B)
Class [Lcom.google.common.collect.ImmutableMapEntry;                                  : loaded 2 times (x 69B)
Class org.gradle.api.internal.classpath.EffectiveClassPath                            : loaded 2 times (x 90B)
Class [Lorg.apache.commons.io.StandardLineSeparator;                                  : loaded 2 times (x 69B)
Class org.apache.commons.io.output.StringBuilderWriter                                : loaded 2 times (x 100B)
Class com.google.common.collect.ImmutableRangeSet                                     : loaded 2 times (x 115B)
Class com.google.common.collect.ListMultimap                                          : loaded 2 times (x 70B)
Class com.google.common.collect.ImmutableEnumMap                                      : loaded 2 times (x 126B)
Class com.google.common.collect.Sets$1                                                : loaded 2 times (x 139B)
Class org.objectweb.asm.AnnotationVisitor                                             : loaded 2 times (x 78B)
Class org.gradle.api.internal.DefaultClassPathProvider                                : loaded 2 times (x 76B)
Class com.google.common.collect.Sets$2                                                : loaded 2 times (x 139B)
Class [Lorg.gradle.api.internal.ClassPathProvider;                                    : loaded 2 times (x 69B)
Class org.gradle.api.internal.ClassPathProvider                                       : loaded 2 times (x 70B)
Class [Lorg.objectweb.asm.AnnotationVisitor;                                          : loaded 2 times (x 69B)
Class com.google.common.collect.Sets$3                                                : loaded 2 times (x 139B)
Class com.google.common.util.concurrent.AbstractFuture$SafeAtomicHelper               : loaded 2 times (x 79B)
Class com.google.common.cache.LocalCache$LocalLoadingCache                            : loaded 2 times (x 134B)
Class org.gradle.internal.service.UnknownServiceException                             : loaded 2 times (x 83B)
Class com.google.common.collect.Sets$4                                                : loaded 2 times (x 139B)
Class org.objectweb.asm.ModuleVisitor                                                 : loaded 2 times (x 81B)
Class com.google.common.cache.LocalCache$Strength$1                                   : loaded 2 times (x 81B)
Class org.apache.commons.io.output.QueueOutputStream                                  : loaded 2 times (x 87B)
Class com.google.common.util.concurrent.SettableFuture                                : loaded 2 times (x 114B)
Class com.google.common.cache.LocalCache$Strength$2                                   : loaded 2 times (x 81B)
Class com.google.common.cache.LocalCache$Strength$3                                   : loaded 2 times (x 81B)
Class com.google.common.collect.MapDifference                                         : loaded 2 times (x 70B)
Class org.objectweb.asm.FieldWriter                                                   : loaded 2 times (x 78B)
Class com.google.common.cache.CacheBuilder$NullListener                               : loaded 2 times (x 82B)
Class org.gradle.internal.classpath.TransformedClassPath                              : loaded 2 times (x 96B)
Class org.gradle.internal.classloader.InstrumentingClassLoader                        : loaded 2 times (x 70B)
Class org.apache.commons.io.output.UnsynchronizedByteArrayOutputStream                : loaded 2 times (x 102B)
Class com.google.common.collect.ImmutableRangeSet$AsSet                               : loaded 2 times (x 300B)
Class com.google.common.cache.CacheLoader$FunctionToCacheLoader                       : loaded 2 times (x 75B)
Class com.google.common.collect.Iterators$ArrayItr                                    : loaded 2 times (x 97B)
Class com.google.common.collect.ImmutableCollection$Builder                           : loaded 2 times (x 76B)
Class org.apache.commons.io.output.ByteArrayOutputStream                              : loaded 2 times (x 102B)
Class com.google.common.base.Joiner                                                   : loaded 2 times (x 79B)
Class com.google.common.base.MoreObjects                                              : loaded 2 times (x 71B)
Class com.google.common.collect.Platform                                              : loaded 2 times (x 71B)
Class [Lorg.objectweb.asm.Type;                                                       : loaded 2 times (x 69B)
Class com.google.common.collect.UnmodifiableIterator                                  : loaded 2 times (x 80B)
Class org.gradle.internal.service.ServiceLocator                                      : loaded 2 times (x 70B)
Class com.google.common.base.Ascii                                                    : loaded 2 times (x 71B)
Class com.google.common.collect.SingletonImmutableBiMap                               : loaded 2 times (x 143B)
Class com.google.common.cache.LocalCache$1                                            : loaded 2 times (x 89B)
Class com.google.common.collect.AbstractMapEntry                                      : loaded 2 times (x 81B)
Class ijJvmDebugger1_amxldhla0sgtknc2p75ob1gmp$_run_closure1$_closure2                : loaded 2 times (x 140B)
Class com.google.common.collect.Sets$ImprovedAbstractSet                              : loaded 2 times (x 135B)
Class com.google.common.collect.ImmutableList$Builder                                 : loaded 2 times (x 77B)
Class com.google.common.collect.AbstractMultimap                                      : loaded 2 times (x 123B)
Class com.google.common.cache.LocalCache$2                                            : loaded 2 times (x 142B)
Class com.google.common.collect.ImmutableRangeSet$1                                   : loaded 2 times (x 210B)
Class com.google.common.util.concurrent.AbstractFuture$UnsafeAtomicHelper$1           : loaded 2 times (x 76B)
Class com.google.common.collect.RegularImmutableAsList                                : loaded 2 times (x 217B)
Class com.google.common.collect.Range                                                 : loaded 2 times (x 87B)
Class com.google.common.util.concurrent.AbstractFuture$Trusted                        : loaded 2 times (x 70B)
Class com.google.common.collect.Iterators                                             : loaded 2 times (x 71B)
Class com.google.common.collect.Lists$StringAsImmutableList                           : loaded 2 times (x 207B)
Class com.google.common.util.concurrent.UncheckedExecutionException                   : loaded 2 times (x 82B)
Class org.gradle.kotlin.dsl.VersionCatalogAccessorsKt                                 : loaded 2 times (x 71B)
Class org.gradle.internal.InternalTransformer                                         : loaded 2 times (x 70B)
Class com.google.common.collect.AbstractMapBasedMultimap$KeySet$1                     : loaded 2 times (x 82B)
Class org.objectweb.asm.ClassWriter                                                   : loaded 2 times (x 106B)
Class com.google.common.cache.CacheLoader$UnsupportedLoadingOperationException        : loaded 2 times (x 82B)
Class com.google.common.base.CharMatcher$And                                          : loaded 2 times (x 112B)
Class org.gradle.internal.classloader.ClasspathUtil$1                                 : loaded 2 times (x 76B)
Class org.objectweb.asm.FieldVisitor                                                  : loaded 2 times (x 77B)
Class com.google.common.collect.IndexedImmutableSet                                   : loaded 2 times (x 152B)
Class com.google.common.collect.ImmutableMap$1                                        : loaded 2 times (x 81B)
Class com.google.common.collect.BiMap                                                 : loaded 2 times (x 70B)
Class org.gradle.api.internal.classpath.DefaultModuleRegistry$DefaultModule           : loaded 2 times (x 86B)
Class com.google.common.primitives.Ints                                               : loaded 2 times (x 71B)
Class com.google.common.collect.AbstractIterator                                      : loaded 2 times (x 82B)
Class com.google.common.collect.ObjectArrays                                          : loaded 2 times (x 71B)
Class com.google.common.collect.Multiset                                              : loaded 2 times (x 70B)
Class com.google.common.collect.ArrayListMultimapGwtSerializationDependencies         : loaded 2 times (x 172B)
Class com.google.common.collect.RegularImmutableMap$KeySet                            : loaded 2 times (x 152B)
Class com.google.common.math.MathPreconditions                                        : loaded 2 times (x 71B)
Class org.apache.commons.io.output.NullOutputStream                                   : loaded 2 times (x 85B)
Class com.google.common.collect.ImmutableMapEntrySet                                  : loaded 2 times (x 152B)
Class org.gradle.api.internal.classpath.Module                                        : loaded 2 times (x 70B)
Class com.google.common.cache.Weigher                                                 : loaded 2 times (x 70B)
Class org.gradle.api.internal.classpath.UnknownModuleException                        : loaded 2 times (x 82B)
Class com.google.common.base.Stopwatch                                                : loaded 2 times (x 72B)
Class com.google.common.cache.LocalCache$Strength                                     : loaded 2 times (x 81B)
Class com.google.common.cache.Cache                                                   : loaded 2 times (x 70B)
Class com.google.common.util.concurrent.AbstractFuture$Cancellation                   : loaded 2 times (x 72B)
Class com.google.common.collect.ImmutableMap$Builder                                  : loaded 2 times (x 82B)
Class com.google.common.cache.RemovalListener                                         : loaded 2 times (x 70B)
Class org.gradle.api.internal.DefaultClassPathRegistry                                : loaded 2 times (x 76B)
Class com.google.common.primitives.IntsMethodsForWeb                                  : loaded 2 times (x 71B)
Class com.google.common.collect.Multimap                                              : loaded 2 times (x 70B)
Class org.gradle.api.internal.ClassPathRegistry                                       : loaded 2 times (x 70B)
Class org.gradle.internal.classpath.DefaultClassPath$ImmutableUniqueList              : loaded 2 times (x 199B)
Class org.apache.commons.io.IOUtils                                                   : loaded 2 times (x 71B)
Class com.google.common.base.Equivalence$Identity                                     : loaded 2 times (x 82B)
Class com.google.common.cache.CacheBuilder                                            : loaded 2 times (x 72B)
Class com.google.common.collect.SingletonImmutableList                                : loaded 2 times (x 207B)
Class Settings_gradle$1                                                               : loaded 2 times (x 74B)
Class ijKotlinCoroutineJvmDebugInit1_d5t7rhvdx4fr9ghubjyipk6vu$_run_closure1$_closure2: loaded 2 times (x 139B)
Class org.gradle.internal.classpath.ClassPath                                         : loaded 2 times (x 70B)
Class org.gradle.api.UncheckedIOException                                             : loaded 2 times (x 82B)
Class com.google.common.base.JdkPattern                                               : loaded 2 times (x 75B)
Class com.google.common.collect.ImmutableList$ReverseImmutableList                    : loaded 2 times (x 209B)
Class org.objectweb.asm.SymbolTable$Entry                                             : loaded 2 times (x 74B)
Class com.google.common.util.concurrent.AbstractFuture$AtomicHelper                   : loaded 2 times (x 78B)
Class org.objectweb.asm.Edge                                                          : loaded 2 times (x 72B)
Class com.google.common.base.Suppliers$SupplierOfInstance                             : loaded 2 times (x 79B)
Class com.google.common.collect.Iterators$1                                           : loaded 2 times (x 81B)
Class com.google.common.cache.LocalCache$ComputingValueReference                      : loaded 2 times (x 96B)
Class com.google.common.collect.SingletonImmutableSet                                 : loaded 2 times (x 146B)
Class com.google.common.collect.ImmutableMap$IteratorBasedImmutableMap                : loaded 2 times (x 126B)
Class com.google.common.cache.LocalCache$Segment                                      : loaded 2 times (x 154B)
Class com.google.common.collect.SortedIterable                                        : loaded 2 times (x 70B)
Class com.google.common.collect.AbstractListMultimap                                  : loaded 2 times (x 172B)
Class [Lorg.objectweb.asm.SymbolTable$Entry;                                          : loaded 2 times (x 69B)
Class com.google.common.cache.CacheLoader                                             : loaded 2 times (x 74B)
Class com.google.common.collect.Iterators$4                                           : loaded 2 times (x 82B)
Class com.google.common.collect.ImmutableBiMap                                        : loaded 2 times (x 143B)
Class org.gradle.internal.installation.GradleInstallation$1                           : loaded 2 times (x 75B)
Class org.gradle.api.internal.classpath.ModuleRegistry                                : loaded 2 times (x 70B)
Class org.apache.commons.io.output.NullWriter                                         : loaded 2 times (x 99B)
Class com.google.common.util.concurrent.internal.InternalFutureFailureAccess          : loaded 2 times (x 72B)
Class com.google.common.collect.Iterators$5                                           : loaded 2 times (x 82B)
Class com.google.common.collect.ImmutableSet$JdkBackedSetBuilderImpl                  : loaded 2 times (x 76B)
Class com.google.common.util.concurrent.AbstractFuture$UnsafeAtomicHelper             : loaded 2 times (x 78B)
Class com.google.common.cache.LocalCache$LocalManualCache$1                           : loaded 2 times (x 75B)
Class com.google.common.base.CharMatcher$ForPredicate                                 : loaded 2 times (x 112B)
Class com.google.common.base.CharMatcher$AnyOf                                        : loaded 2 times (x 112B)
Class com.google.common.collect.ImmutableCollection                                   : loaded 2 times (x 125B)
Class ijKotlinCoroutineJvmDebugInit1_d5t7rhvdx4fr9ghubjyipk6vu                        : loaded 2 times (x 179B)
Class org.gradle.api.internal.classpath.DefaultModuleRegistry                         : loaded 2 times (x 86B)
Class com.google.common.collect.Lists                                                 : loaded 2 times (x 71B)
Class com.google.common.util.concurrent.ListenableFuture                              : loaded 2 times (x 70B)
Class com.google.common.cache.ReferenceEntry                                          : loaded 2 times (x 70B)
Class com.google.common.base.Converter                                                : loaded 2 times (x 90B)
Class com.google.common.collect.ImmutableSet$CachingAsList                            : loaded 2 times (x 148B)
Class com.google.common.collect.AbstractMapBasedMultimap                              : loaded 2 times (x 139B)
Class com.google.common.util.concurrent.AbstractFuture                                : loaded 2 times (x 106B)
Class com.google.common.base.FunctionalEquivalence                                    : loaded 2 times (x 83B)
Class com.google.common.collect.Iterators$9                                           : loaded 2 times (x 81B)
Class com.google.common.collect.ImmutableAsList                                       : loaded 2 times (x 209B)
Class org.objectweb.asm.RecordComponentVisitor                                        : loaded 2 times (x 77B)
Class com.google.common.cache.CacheLoader$SupplierToCacheLoader                       : loaded 2 times (x 75B)
Class com.google.common.collect.Maps$EntryTransformer                                 : loaded 2 times (x 70B)
Class org.gradle.internal.service.ServiceLookupException                              : loaded 2 times (x 82B)
Class com.google.common.collect.ImmutableSortedSet                                    : loaded 2 times (x 300B)
Class [Lcom.google.common.cache.LocalCache$EntryFactory;                              : loaded 2 times (x 69B)
Class org.gradle.internal.classloader.ClassLoaderFactory                              : loaded 2 times (x 70B)
Class org.apache.commons.io.CloseableURLConnection                                    : loaded 2 times (x 116B)
Class com.google.common.base.CommonPattern                                            : loaded 2 times (x 74B)
Class com.google.common.cache.LocalCache$LocalManualCache                             : loaded 2 times (x 99B)
Class com.google.common.base.CharMatcher$IsNot                                        : loaded 2 times (x 111B)
Class org.gradle.internal.service.CachingServiceLocator                               : loaded 2 times (x 82B)
Class com.google.common.collect.AbstractMapBasedMultimap$KeySet                       : loaded 2 times (x 137B)
Class com.google.common.collect.RegularImmutableSortedSet                             : loaded 2 times (x 300B)
Class com.google.common.math.IntMath                                                  : loaded 2 times (x 71B)
Class com.google.common.collect.ImmutableMapEntry                                     : loaded 2 times (x 85B)
Class com.google.common.base.Equivalence                                              : loaded 2 times (x 82B)
Class com.google.common.base.Function                                                 : loaded 2 times (x 70B)
Class com.google.common.collect.ImmutableMapEntry$NonTerminalImmutableMapEntry        : loaded 2 times (x 85B)
Class org.apache.commons.io.output.AbstractByteArrayOutputStream                      : loaded 2 times (x 102B)
Class com.google.common.cache.CacheBuilder$OneWeigher                                 : loaded 2 times (x 82B)
Class com.google.common.collect.RegularImmutableList                                  : loaded 2 times (x 213B)
Class org.gradle.internal.classloader.ClasspathUtil                                   : loaded 2 times (x 71B)
Class com.google.common.base.Charsets                                                 : loaded 2 times (x 71B)
Class com.google.common.util.concurrent.Uninterruptibles                              : loaded 2 times (x 71B)
Class com.google.common.collect.Maps                                                  : loaded 2 times (x 71B)
Class ijKotlinCoroutineJvmDebugInit1_d5t7rhvdx4fr9ghubjyipk6vu$_run_closure1          : loaded 2 times (x 139B)
Class org.gradle.api.specs.Spec                                                       : loaded 2 times (x 70B)
Class [Lcom.google.common.collect.ImmutableEntry;                                     : loaded 2 times (x 69B)
Class com.google.common.cache.LocalCache$LoadingValueReference                        : loaded 2 times (x 96B)
Class com.google.common.collect.AbstractIndexedListIterator                           : loaded 2 times (x 96B)
Class com.google.common.base.Platform                                                 : loaded 2 times (x 71B)
Class [Lorg.objectweb.asm.AnnotationWriter;                                           : loaded 2 times (x 69B)
Class com.google.common.collect.Maps$8                                                : loaded 2 times (x 82B)
Class com.google.common.collect.ImmutableRangeSet$Builder                             : loaded 2 times (x 77B)
Class com.google.common.collect.Sets$SetView                                          : loaded 2 times (x 138B)
Class com.google.common.cache.LocalCache$StrongValueReference                         : loaded 2 times (x 90B)
Class com.google.common.util.concurrent.AbstractFuture$SynchronizedHelper             : loaded 2 times (x 78B)
Class org.objectweb.asm.Type                                                          : loaded 2 times (x 72B)
Class org.gradle.internal.classloader.VisitableURLClassLoader$InstrumentingVisitableURLClassLoader: loaded 2 times (x 123B)
Class org.objectweb.asm.ByteVector                                                    : loaded 2 times (x 79B)
Class [Lcom.google.common.cache.CacheBuilder$NullListener;                            : loaded 2 times (x 69B)
Class com.google.common.math.IntMath$1                                                : loaded 2 times (x 71B)
Class org.gradle.internal.classloader.VisitableURLClassLoader$Spec                    : loaded 2 times (x 74B)
Class org.gradle.internal.classpath.DefaultClassPath                                  : loaded 2 times (x 90B)
Class org.objectweb.asm.Symbol                                                        : loaded 2 times (x 73B)
Class com.google.common.base.CharMatcher$Ascii                                        : loaded 2 times (x 112B)
Class com.google.common.base.CharMatcher$BitSetMatcher                                : loaded 2 times (x 112B)
Class com.google.common.collect.RegularImmutableMap$Values                            : loaded 2 times (x 207B)
Class com.google.common.collect.ImmutableSet                                          : loaded 2 times (x 145B)
Class org.gradle.internal.classloader.ClassLoaderSpec                                 : loaded 2 times (x 71B)
Class org.objectweb.asm.AnnotationWriter                                              : loaded 2 times (x 79B)
Class com.google.common.cache.CacheStats                                              : loaded 2 times (x 71B)
Class ijJvmDebugger1_amxldhla0sgtknc2p75ob1gmp                                        : loaded 2 times (x 179B)
Class org.objectweb.asm.RecordComponentWriter                                         : loaded 2 times (x 78B)
Class com.google.common.util.concurrent.AbstractFuture$Listener                       : loaded 2 times (x 72B)
Class com.google.common.base.CharMatcher$Or                                           : loaded 2 times (x 112B)
Class Settings_gradle$1$1                                                             : loaded 2 times (x 74B)
Class org.objectweb.asm.Attribute                                                     : loaded 2 times (x 77B)
Class com.google.common.base.Supplier                                                 : loaded 2 times (x 70B)
Class org.gradle.internal.classloader.VisitableURLClassLoader                         : loaded 2 times (x 117B)
Class com.google.common.util.concurrent.AbstractFuture$Waiter                         : loaded 2 times (x 72B)
Class Settings_gradle                                                                 : loaded 2 times (x 128B)
Class org.gradle.internal.Cast                                                        : loaded 2 times (x 71B)
Class org.gradle.api.Action                                                           : loaded 2 times (x 70B)
Class com.google.common.base.Strings                                                  : loaded 2 times (x 71B)
Class com.google.common.collect.Sets                                                  : loaded 2 times (x 71B)
Class org.objectweb.asm.Handler                                                       : loaded 2 times (x 72B)
Class com.google.common.base.Ticker                                                   : loaded 2 times (x 72B)
Class com.google.common.base.CharMatcher$FastMatcher                                  : loaded 2 times (x 111B)
Class [Lcom.google.common.cache.LocalCache$Segment;                                   : loaded 2 times (x 69B)
Class [Lcom.google.common.cache.LocalCache$Strength;                                  : loaded 2 times (x 69B)
Class com.google.common.cache.CacheBuilder$1                                          : loaded 2 times (x 85B)
Class com.google.common.base.Predicate                                                : loaded 2 times (x 70B)
Class com.google.common.collect.ImmutableMap                                          : loaded 2 times (x 120B)
Class org.gradle.internal.classpath.DefaultClassPath$ImmutableUniqueList$Builder      : loaded 2 times (x 75B)
Class com.google.common.collect.AbstractRangeSet                                      : loaded 2 times (x 114B)
Class com.google.common.cache.LocalCache                                              : loaded 2 times (x 187B)
Class com.google.common.cache.CacheBuilder$2                                          : loaded 2 times (x 79B)
Class com.google.common.base.CharMatcher$NegatedFastMatcher                           : loaded 2 times (x 113B)
Class com.google.common.collect.ArrayListMultimap                                     : loaded 2 times (x 172B)
Class com.google.common.cache.CacheBuilder$3                                          : loaded 2 times (x 72B)
Class [Lcom.google.common.collect.AbstractMapEntry;                                   : loaded 2 times (x 69B)
Class com.google.common.collect.ImmutableEntry                                        : loaded 2 times (x 82B)
Class org.gradle.api.GradleException                                                  : loaded 2 times (x 82B)
Class org.apache.commons.io.StandardLineSeparator                                     : loaded 2 times (x 79B)
Class com.google.common.collect.CollectPreconditions                                  : loaded 2 times (x 71B)
Class com.google.common.collect.SortedMapDifference                                   : loaded 2 times (x 70B)
Class ijJvmDebugger1_amxldhla0sgtknc2p75ob1gmp$_run_closure1                          : loaded 2 times (x 139B)
Class com.google.common.cache.LocalCache$EntryFactory                                 : loaded 2 times (x 83B)
Class com.google.common.cache.LocalCache$AbstractReferenceEntry                       : loaded 2 times (x 107B)
Class org.gradle.internal.IoActions                                                   : loaded 2 times (x 71B)
Class com.google.common.collect.ImmutableRangeSet$ComplementRanges                    : loaded 2 times (x 207B)
Class org.objectweb.asm.SymbolTable                                                   : loaded 2 times (x 72B)
Class com.google.common.cache.CacheLoader$InvalidCacheLoadException                   : loaded 2 times (x 82B)
Class com.google.common.collect.ImmutableSet$RegularSetBuilderImpl                    : loaded 2 times (x 77B)
Class org.gradle.internal.classloader.SystemClassLoaderSpec                           : loaded 2 times (x 71B)
Class com.google.common.cache.LocalCache$StrongEntry                                  : loaded 2 times (x 108B)
Class com.google.common.util.concurrent.AbstractFuture$TrustedFuture                  : loaded 2 times (x 114B)
Class com.google.common.cache.LoadingCache                                            : loaded 2 times (x 70B)
Class org.objectweb.asm.MethodWriter                                                  : loaded 2 times (x 106B)
Class [Lcom.google.common.cache.Weigher;                                              : loaded 2 times (x 69B)
Class com.google.common.collect.RegularImmutableMap$BucketOverflowException           : loaded 2 times (x 82B)
Class com.google.common.collect.RegularImmutableBiMap                                 : loaded 2 times (x 149B)
Class com.google.common.cache.LocalCache$ValueReference                               : loaded 2 times (x 70B)
Class com.google.common.base.CharMatcher$Negated                                      : loaded 2 times (x 113B)
Class com.google.common.base.CharMatcher$Is                                           : loaded 2 times (x 111B)
Class com.google.common.base.PatternCompiler                                          : loaded 2 times (x 70B)
Class com.google.common.util.concurrent.AbstractFuture$Failure                        : loaded 2 times (x 72B)
Class com.google.common.base.Equivalence$Equals                                       : loaded 2 times (x 82B)
Class com.google.common.collect.Hashing                                               : loaded 2 times (x 71B)
Class com.google.common.base.Preconditions                                            : loaded 2 times (x 71B)
Class com.google.common.base.Joiner$1                                                 : loaded 2 times (x 80B)
Class org.objectweb.asm.Label                                                         : loaded 2 times (x 73B)
Class org.objectweb.asm.CurrentFrame                                                  : loaded 2 times (x 73B)
Class org.objectweb.asm.ClassTooLargeException                                        : loaded 2 times (x 83B)
Class com.google.common.base.CharMatcher                                              : loaded 2 times (x 111B)
Class com.google.common.collect.PeekingIterator                                       : loaded 2 times (x 70B)
Class com.google.common.collect.RangeGwtSerializationDependencies                     : loaded 2 times (x 71B)
Class com.google.common.base.Joiner$2                                                 : loaded 2 times (x 79B)
Class org.objectweb.asm.Frame                                                         : loaded 2 times (x 73B)
Class org.objectweb.asm.MethodVisitor                                                 : loaded 2 times (x 105B)
Class com.google.common.cache.LocalCache$EntryFactory$1                               : loaded 2 times (x 83B)
Class [Lcom.google.common.cache.RemovalListener;                                      : loaded 2 times (x 69B)
Class com.google.common.base.CharMatcher$1                                            : loaded 2 times (x 113B)
Class com.google.common.base.CharMatcher$NamedFastMatcher                             : loaded 2 times (x 112B)
Class com.google.common.collect.RangeSet                                              : loaded 2 times (x 70B)
Class com.google.common.cache.LocalCache$EntryFactory$2                               : loaded 2 times (x 83B)
Class org.gradle.api.internal.classpath.GlobalCacheRootsProvider                      : loaded 2 times (x 70B)
Class com.google.common.collect.CollectCollectors                                     : loaded 2 times (x 71B)
Class org.objectweb.asm.ModuleWriter                                                  : loaded 2 times (x 82B)
Class com.google.common.cache.LocalCache$EntryFactory$3                               : loaded 2 times (x 83B)
Class com.google.common.base.Ticker$1                                                 : loaded 2 times (x 72B)
Class com.google.common.collect.Maps$BiMapConverter                                   : loaded 2 times (x 90B)
Class com.google.common.collect.ImmutableMapEntrySet$RegularEntrySet                  : loaded 2 times (x 152B)
Class com.google.common.cache.LocalCache$EntryFactory$4                               : loaded 2 times (x 83B)
Class com.google.common.base.CharMatcher$InRange                                      : loaded 2 times (x 111B)
Class com.google.common.collect.ImmutableSet$Builder                                  : loaded 2 times (x 85B)
Class com.google.common.cache.LocalCache$EntryFactory$5                               : loaded 2 times (x 83B)
Class com.google.common.base.PairwiseEquivalence                                      : loaded 2 times (x 83B)
Class org.apache.commons.io.output.AppendableWriter                                   : loaded 2 times (x 100B)
Class com.google.common.cache.LocalCache$EntryFactory$6                               : loaded 2 times (x 83B)
Class org.gradle.internal.installation.CurrentGradleInstallationLocator               : loaded 2 times (x 71B)
Class org.apache.commons.io.output.ThresholdingOutputStream                           : loaded 2 times (x 95B)
Class com.google.common.collect.Maps$KeySet                                           : loaded 2 times (x 137B)
Class com.google.common.cache.LocalCache$EntryFactory$7                               : loaded 2 times (x 83B)
Class com.google.common.collect.ImmutableSet$EmptySetBuilderImpl                      : loaded 2 times (x 76B)
Class com.google.common.collect.ImmutableList                                         : loaded 2 times (x 206B)
Class org.gradle.internal.service.DefaultServiceLocator                               : loaded 2 times (x 83B)
Class com.google.common.cache.LocalCache$EntryFactory$8                               : loaded 2 times (x 83B)
Class com.google.common.collect.ImmutableSet$SetBuilderImpl                           : loaded 2 times (x 76B)
Class org.gradle.internal.installation.CurrentGradleInstallation                      : loaded 2 times (x 73B)
Class com.google.common.cache.CacheLoader$1                                           : loaded 2 times (x 75B)
Class com.google.common.collect.ImmutableList$SubList                                 : loaded 2 times (x 209B)
Class org.gradle.util.internal.GUtil                                                  : loaded 2 times (x 71B)
Class com.google.common.util.concurrent.AbstractFuture$SetFuture                      : loaded 2 times (x 75B)
Class com.google.common.cache.AbstractCache$StatsCounter                              : loaded 2 times (x 70B)
Class com.google.common.collect.Iterators$MergingIterator                             : loaded 2 times (x 81B)
Class com.google.common.collect.RegularImmutableSet                                   : loaded 2 times (x 149B)
Class org.gradle.internal.installation.GradleInstallation                             : loaded 2 times (x 75B)
Class com.google.common.collect.Iterables                                             : loaded 2 times (x 71B)

---------------  S Y S T E M  ---------------

OS:
 Windows 11 , 64 bit Build 22621 (10.0.22621.3958)
OS uptime: 0 days 4:57 hours

CPU: total 12 (initial active 12) (12 cores per cpu, 2 threads per core) family 25 model 80 stepping 0 microcode 0x0, cx8, cmov, fxsr, ht, mmx, 3dnowpref, sse, sse2, sse3, ssse3, sse4a, sse4.1, sse4.2, popcnt, lzcnt, tsc, tscinvbit, avx, avx2, aes, erms, clmul, bmi1, bmi2, adx, sha, fma, vzeroupper, clflush, clflushopt, rdtscp, rdpid, fsrm, f16c, pku, cet_ss
Processor Information for the first 12 processors :
  Max Mhz: 3600, Current Mhz: 3600, Mhz Limit: 3600

Memory: 4k page, system-wide physical 16257M (521M free)
TotalPageFile size 32641M (AvailPageFile size 0M)
current process WorkingSet (physical memory assigned to process): 575M, peak: 575M
current process commit charge ("private bytes"): 639M, peak: 639M

vm_info: OpenJDK 64-Bit Server VM (21.0.10+-14961533-b1163.108) for windows-amd64 JRE (21.0.10+-14961533-b1163.108), built on 2026-03-02T19:58:50Z by "builder" with MS VC++ 16.10 / 16.11 (VS2019)

END.
